distance,atom,basis,active_space,freeze_core,mapper,z2,use_num_particles,num_qubits,num_terms,constant_energy,ref_energy,exact_total_energy,vqe_total_energy,exact_vs_ref_abs_error,vqe_vs_exact_abs_error,vqe_vs_ref_abs_error,eval_count,ansatz_name,ansatz_reps,optimizer,optimizer_max_iter,seed,status
0.8125,Li 0 0 0; H 0 0 0.8125,sto-3g,"(2, 4)",True,parity,True,True,4,62,1.9538850864738464,-7.631864841285778,0.816476278590506,0.8371754308563593,8.448341119876284,0.020699152265853282,8.469040272142138,160,efficient_su2,3,cobyla,160,137,ok
0.8535353535353536,Li 0 0 0; H 0 0 0.8535353535353536,sto-3g,"(2, 4)",True,parity,True,True,4,62,1.859948303470296,-7.670836847331909,0.7131198610908025,0.7429907626745509,8.383956708422712,0.029870901583748388,8.41382761000646,160,efficient_su2,3,cobyla,160,137,ok
0.8945707070707071,Li 0 0 0; H 0 0 0.8945707070707071,sto-3g,"(2, 4)",True,parity,True,True,4,62,1.77462957395331,-7.704295670122008,0.6211309407621959,0.6673906896140926,8.325426610884204,0.046259748851896765,8.3716863597361,160,efficient_su2,3,cobyla,160,137,ok
0.9356060606060606,Li 0 0 0; H 0 0 0.9356060606060606,sto-3g,"(2, 4)",True,parity,True,True,4,62,1.6967949435167613,-7.732952935201483,0.5391102865164037,0.5860000731240398,8.272063221717888,0.0468897866076361,8.318953008325524,160,efficient_su2,3,cobyla,160,137,ok
0.976641414141414,Li 0 0 0; H 0 0 0.976641414141414,sto-3g,"(2, 4)",True,parity,True,True,4,62,1.6255010383269815,-7.757429967153564,0.465832508793375,0.5104536886040512,8.223262475946939,0.04462117981067615,8.267883655757615,160,efficient_su2,3,cobyla,160,137,ok
1.0176767676767675,Li 0 0 0; H 0 0 1.0176767676767675,sto-3g,"(2, 4)",True,parity,True,True,4,62,1.5599566416202486,-7.778267511922703,0.4002284949830388,0.4446661269429375,8.178496006905743,0.044437631959898694,8.22293363886564,160,efficient_su2,3,cobyla,160,137,ok
1.058712121212121,Li 0 0 0; H 0 0 1.058712121212121,sto-3g,"(2, 4)",True,parity,True,True,4,62,1.4994932058985335,-7.79593430418538,0.3413691778708974,0.38547554748916,8.137303482056277,0.04410636961826264,8.18140985167454,160,efficient_su2,3,cobyla,160,137,ok
1.0997474747474747,Li 0 0 0; H 0 0 1.0997474747474747,sto-3g,"(2, 4)",True,parity,True,True,4,62,1.4435419668724685,-7.810835185049085,0.28844984457474787,0.335748272031279,8.099285029623832,0.04729842745653112,8.146583457080364,160,efficient_su2,3,cobyla,160,137,ok
1.1407828282828285,Li 0 0 0; H 0 0 1.1407828282828285,sto-3g,"(2, 4)",True,parity,True,True,4,62,1.3916159968410846,-7.823318960949642,0.2407747217984646,0.2752428802230429,8.064093682748107,0.03446815842457829,8.098561841172685,160,efficient_su2,3,cobyla,160,137,ok
1.181818181818182,Li 0 0 0; H 0 0 1.181818181818182,sto-3g,"(2, 4)",True,parity,True,True,4,62,1.343295996950769,-7.833685879844005,0.1977423779517189,0.2515990162058692,8.031428257795724,0.053856638254150324,8.085284896049874,160,efficient_su2,3,cobyla,160,137,ok
1.2228535353535357,Li 0 0 0; H 0 0 1.2228535353535357,sto-3g,"(2, 4)",True,parity,True,True,4,62,1.2982189500732264,-7.842194552332934,0.1588323204540132,0.23421931793542616,8.001026872786948,0.07538699748141298,8.076413870268361,160,efficient_su2,3,cobyla,160,137,ok
1.2638888888888888,Li 0 0 0; H 0 0 1.2638888888888888,sto-3g,"(2, 4)",True,parity,True,True,4,62,1.2560689841617583,-7.849068171904239,0.12359307858399027,0.1637390019295326,7.97266125048823,0.040145923345542345,8.012807173833771,160,efficient_su2,3,cobyla,160,137,ok
1.3049242424242424,Li 0 0 0; H 0 0 1.3049242424242424,sto-3g,"(2, 4)",True,parity,True,True,4,62,1.2165699595025836,-7.8544999597329,0.09163187643770976,0.14591946800552047,7.9461318361706095,0.05428759156781071,8.00041942773842,160,efficient_su2,3,cobyla,160,137,ok
1.345959595959596,Li 0 0 0; H 0 0 1.345959595959596,sto-3g,"(2, 4)",True,parity,True,True,4,62,1.179479411956773,-7.858657825848251,0.06260581970591628,0.11115451044368929,7.921263645554167,0.048548690737773015,7.96981233629194,160,efficient_su2,3,cobyla,160,137,ok
1.3869949494949494,Li 0 0 0; H 0 0 1.3869949494949494,sto-3g,"(2, 4)",True,parity,True,True,4,62,1.144583571366336,-7.8616882980549745,0.03621452709622908,0.06786562182442912,7.897902825151204,0.03165109472820005,7.929553919879403,160,efficient_su2,3,cobyla,160,137,ok
1.428030303030303,Li 0 0 0; H 0 0 1.428030303030303,sto-3g,"(2, 4)",True,parity,True,True,4,62,1.1116932388558092,-7.863719788153718,0.012193918022476824,0.04292590255464379,7.875913706176195,0.030731984532166967,7.906645690708362,160,efficient_su2,3,cobyla,160,137,ok
1.4690656565656566,Li 0 0 0; H 0 0 1.4690656565656566,sto-3g,"(2, 4)",True,parity,True,True,4,62,1.080640355088887,-7.864865292024024,-0.00968895771368028,0.015016286286643643,7.855176334310343,0.024705244000323923,7.879881578310667,160,efficient_su2,3,cobyla,160,137,ok
1.5101010101010102,Li 0 0 0; H 0 0 1.5101010101010102,sto-3g,"(2, 4)",True,parity,True,True,4,62,1.0512751280484283,-7.865224614264422,-0.029640242754047863,0.011314596479777617,7.835584371510374,0.04095483923382548,7.8765392107442,160,efficient_su2,3,cobyla,160,137,ok
1.5511363636363638,Li 0 0 0; H 0 0 1.5511363636363638,sto-3g,"(2, 4)",True,parity,True,True,4,62,1.0234636167243956,-7.864886203090064,-0.04784291611661762,0.016820398291969685,7.817043286973447,0.0646633144085873,7.881706601382033,160,efficient_su2,3,cobyla,160,137,ok
1.5921717171717171,Li 0 0 0; H 0 0 1.5921717171717171,sto-3g,"(2, 4)",True,parity,True,True,4,62,0.997085688458303,-7.863928671287956,-0.0644598429603076,-0.04761721294648957,7.799468828327649,0.016842630013818027,7.816311458341467,160,efficient_su2,3,cobyla,160,137,ok
1.6332070707070707,Li 0 0 0; H 0 0 1.6332070707070707,sto-3g,"(2, 4)",True,parity,True,True,4,62,0.9720332842256822,-7.862422065253529,-0.07963638299369369,-0.06124109173665593,7.782785682259836,0.01839529125703776,7.801180973516873,160,efficient_su2,3,cobyla,160,137,ok
1.6742424242424243,Li 0 0 0; H 0 0 1.6742424242424243,sto-3g,"(2, 4)",True,parity,True,True,4,62,0.9482089390240724,-7.860428933519616,-0.09350259933668292,-0.07923594209013585,7.7669263341829335,0.014266657246547076,7.78119299142948,160,efficient_su2,3,cobyla,160,137,ok
1.7152777777777777,Li 0 0 0; H 0 0 1.7152777777777777,sto-3g,"(2, 4)",True,parity,True,True,4,62,0.9255245146455062,-7.858005234982986,-0.10617514997001898,-0.09181269885176802,7.751830085012967,0.014362451118250963,7.766192536131218,160,efficient_su2,3,cobyla,160,137,ok
1.7563131313131313,Li 0 0 0; H 0 0 1.7563131313131313,sto-3g,"(2, 4)",True,parity,True,True,4,62,0.903900110097714,-7.855201118435822,-0.117758912649091,-0.08548067080980326,7.737442205786731,0.032278241839287736,7.769720447626019,160,efficient_su2,3,cobyla,160,137,ok
1.7973484848484849,Li 0 0 0; H 0 0 1.7973484848484849,sto-3g,"(2, 4)",True,parity,True,True,4,62,0.8832631212826976,-7.852061598033483,-0.1283483871386677,-0.07896224823797038,7.723713210894815,0.04938613890069732,7.773099349795513,160,efficient_su2,3,cobyla,160,137,ok
1.8383838383838385,Li 0 0 0; H 0 0 1.8383838383838385,sto-3g,"(2, 4)",True,parity,True,True,4,62,0.8635474266112088,-7.848627143973746,-0.13802891097453418,-0.09124436006703673,7.710598232999212,0.046784550907497446,7.75738278390671,160,efficient_su2,3,cobyla,160,137,ok
1.879419191919192,Li 0 0 0; H 0 0 1.879419191919192,sto-3g,"(2, 4)",True,parity,True,True,4,62,0.8446926793052874,-7.844934203619472,-0.14687771884306355,-0.09377849736982402,7.698056484776409,0.05309922147323953,7.751155706249648,160,efficient_su2,3,cobyla,160,137,ok
1.9204545454545456,Li 0 0 0; H 0 0 1.9204545454545456,sto-3g,"(2, 4)",True,parity,True,True,4,62,0.8266436904312426,-7.841015665265518,-0.1549648707119855,-0.09887767168820061,7.686050794553532,0.056087199023784895,7.742137993577317,160,efficient_su2,3,cobyla,160,137,ok
1.961489898989899,Li 0 0 0; H 0 0 1.961489898989899,sto-3g,"(2, 4)",True,parity,True,True,4,62,0.8093498893761959,-7.836901274471372,-0.1623540697752479,-0.10703394935127719,7.674547204696124,0.05532012042397072,7.729867325120095,160,efficient_su2,3,cobyla,160,137,ok
2.0025252525252526,Li 0 0 0; H 0 0 2.0025252525252526,sto-3g,"(2, 4)",True,parity,True,True,4,62,0.7927648506594704,-7.83261801114926,-0.16910338790587076,-0.11620167709096663,7.6635146232433895,0.052901710814904135,7.716416334058294,160,efficient_su2,3,cobyla,160,137,ok
2.043560606060606,Li 0 0 0; H 0 0 2.043560606060606,sto-3g,"(2, 4)",True,parity,True,True,4,62,0.7768458777546619,-7.828190434260652,-0.17526591350991183,-0.12506096491395857,7.65292452075074,0.05020494859595326,7.703129469346693,160,efficient_su2,3,cobyla,160,137,ok
2.0845959595959593,Li 0 0 0; H 0 0 2.0845959595959593,sto-3g,"(2, 4)",True,parity,True,True,4,62,0.7615536360665779,-7.82364099993167,-0.18089033435076762,-0.14681059701028,7.642750665580903,0.03407973734048764,7.67683040292139,160,efficient_su2,3,cobyla,160,137,ok
2.125631313131313,Li 0 0 0; H 0 0 2.125631313131313,sto-3g,"(2, 4)",True,parity,True,True,4,62,0.7468518284205048,-7.818990357976028,-0.1860214659915309,-0.14305301359887235,7.632968891984497,0.04296845239265856,7.6759373443771555,160,efficient_su2,3,cobyla,160,137,ok
2.166666666666667,Li 0 0 0; H 0 0 2.166666666666667,sto-3g,"(2, 4)",True,parity,True,True,4,62,0.7327069074276923,-7.814257631164915,-0.19070073492498107,-0.15995293281393153,7.623556896239934,0.03074780211104955,7.654304698350983,160,efficient_su2,3,cobyla,160,137,ok
2.2077020202020203,Li 0 0 0; H 0 0 2.2077020202020203,sto-3g,"(2, 4)",True,parity,True,True,4,62,0.7190878199290364,-7.8094606810649125,-0.19496662416795352,-0.15990185887002917,7.614494056896959,0.03506476529792435,7.649558822194884,160,efficient_su2,3,cobyla,160,137,ok
2.2487373737373737,Li 0 0 0; H 0 0 2.2487373737373737,sto-3g,"(2, 4)",True,parity,True,True,4,62,0.7059657794193824,-7.804616363838907,-0.19885508803029062,-0.1634205770094591,7.605761275808616,0.035434511020831505,7.641195786829448,160,efficient_su2,3,cobyla,160,137,ok
2.2897727272727275,Li 0 0 0; H 0 0 2.2897727272727275,sto-3g,"(2, 4)",True,parity,True,True,4,62,0.6933140629423326,-7.799740779018325,-0.20239994185600774,-0.1637052268882111,7.597340837162317,0.03869471496779664,7.636035552130114,160,efficient_su2,3,cobyla,160,137,ok
2.330808080808081,Li 0 0 0; H 0 0 2.330808080808081,sto-3g,"(2, 4)",True,parity,True,True,4,62,0.6811078294398267,-7.794849513840644,-0.20563323168799197,-0.1534216680783438,7.589216282152652,0.05221156360964818,7.6414278457623,160,efficient_su2,3,cobyla,160,137,ok
2.3718434343434343,Li 0 0 0; H 0 0 2.3718434343434343,sto-3g,"(2, 4)",True,parity,True,True,4,62,0.6693239569581688,-7.789957885202355,-0.20858558790961634,-0.13814806684032765,7.581372297292739,0.07043752106928869,7.651809818362027,160,efficient_su2,3,cobyla,160,137,ok
2.412878787878788,Li 0 0 0; H 0 0 2.412878787878788,sto-3g,"(2, 4)",True,parity,True,True,4,62,0.6579408964656829,-7.785081180468676,-0.2112865658157369,-0.17695679403922693,7.57379461465294,0.034329771776509976,7.608124386429449,160,efficient_su2,3,cobyla,160,137,ok
2.4539141414141414,Li 0 0 0; H 0 0 2.4539141414141414,sto-3g,"(2, 4)",True,parity,True,True,4,62,0.6469385403374943,-7.780234897121092,-0.21376497456280497,-0.18785052165222182,7.566469922558287,0.02591445291058314,7.59238437546887,160,efficient_su2,3,cobyla,160,137,ok
2.494949494949495,Li 0 0 0; H 0 0 2.494949494949495,sto-3g,"(2, 4)",True,parity,True,True,4,62,0.6362981038187856,-7.775434979282297,-0.21604919380425291,-0.1898208236343828,7.559385785478044,0.02622837016987012,7.585614155647914,160,efficient_su2,3,cobyla,160,137,ok
2.5359848484848486,Li 0 0 0; H 0 0 2.5359848484848486,sto-3g,"(2, 4)",True,parity,True,True,4,62,0.626002017996475,-7.77069804627672,-0.21816747426499317,-0.19466859127803782,7.552530572011727,0.02349888298695535,7.5760294549986815,160,efficient_su2,3,cobyla,160,137,ok
2.577020202020202,Li 0 0 0; H 0 0 2.577020202020202,sto-3g,"(2, 4)",True,parity,True,True,4,62,0.6160338329965311,-7.766041604326998,-0.22014821430637843,-0.1962501691851436,7.54589339002062,0.023898045121234834,7.5697914351418545,160,efficient_su2,3,cobyla,160,137,ok
2.6180555555555554,Li 0 0 0; H 0 0 2.6180555555555554,sto-3g,"(2, 4)",True,parity,True,True,4,62,0.6063781302849869,-7.7614842271431295,-0.22202019906537218,-0.17182401523888036,7.539464028077758,0.050196183826491825,7.589660211904249,160,efficient_su2,3,cobyla,160,137,ok
2.659090909090909,Li 0 0 0; H 0 0 2.659090909090909,sto-3g,"(2, 4)",True,parity,True,True,4,62,0.5970204430892307,-7.75704568472238,-0.22381278220715983,-0.16694083138241933,7.53323290251522,0.0568719508247405,7.590104853339961,160,efficient_su2,3,cobyla,160,137,ok
2.7001262626262625,Li 0 0 0; H 0 0 2.7001262626262625,sto-3g,"(2, 4)",True,parity,True,True,4,62,0.5879471840757167,-7.752746992808977,-0.225555983374226,-0.16833419068953248,7.527191009434752,0.05722179268469352,7.584412802119445,160,efficient_su2,3,cobyla,160,137,ok
2.741161616161616,Li 0 0 0; H 0 0 2.741161616161616,sto-3g,"(2, 4)",True,parity,True,True,4,62,0.5791455795236851,-7.748610349527559,-0.22728046840439697,-0.17558686589269323,7.521329881123162,0.05169360251170374,7.5730234836348655,160,efficient_su2,3,cobyla,160,137,ok
2.7821969696969697,Li 0 0 0; H 0 0 2.7821969696969697,sto-3g,"(2, 4)",True,parity,True,True,4,62,0.5706036093242206,-7.744658804068901,-0.22901725946486318,-0.18013672652302803,7.515641544604037,0.04888053294183514,7.564522077545872,160,efficient_su2,3,cobyla,160,137,ok
2.823232323232323,Li 0 0 0; H 0 0 2.823232323232323,sto-3g,"(2, 4)",True,parity,True,True,4,62,0.56230995221195,-7.7409163281700595,-0.23079783451421865,-0.18850797304482014,7.510118493655841,0.042289861469398504,7.552408355125239,160,efficient_su2,3,cobyla,160,137,ok
2.864267676767677,Li 0 0 0; H 0 0 2.864267676767677,sto-3g,"(2, 4)",True,parity,True,True,4,62,0.5542539357046153,-7.73740659026199,-0.23265294751541588,-0.1932580033863761,7.504753642746574,0.039394944129039766,7.544148586875615,160,efficient_su2,3,cobyla,160,137,ok
2.9053030303030303,Li 0 0 0; H 0 0 2.9053030303030303,sto-3g,"(2, 4)",True,parity,True,True,4,62,0.5464254902850587,-7.734152888476955,-0.23461258253785722,-0.17358399915937206,7.499540305939098,0.06102858337848516,7.560568889317583,160,efficient_su2,3,cobyla,160,137,ok
2.946338383838384,Li 0 0 0; H 0 0 2.946338383838384,sto-3g,"(2, 4)",True,parity,True,True,4,62,0.5388151074120078,-7.731176241066566,-0.2367040736947612,-0.18949885847405568,7.494472167371805,0.04720521522070553,7.5416773825925105,160,efficient_su2,3,cobyla,160,137,ok
2.9873737373737375,Li 0 0 0; H 0 0 2.9873737373737375,sto-3g,"(2, 4)",True,parity,True,True,4,62,0.5314138009915131,-7.728495790925951,-0.23895253464228883,-0.1804634645017279,7.489543256283662,0.05848907014056093,7.548032326424223,160,efficient_su2,3,cobyla,160,137,ok
3.028409090909091,Li 0 0 0; H 0 0 3.028409090909091,sto-3g,"(2, 4)",True,parity,True,True,4,62,0.524213071980788,-7.726127161421483,-0.24137923852910736,-0.19852981192337693,7.484747922892376,0.042849426605730434,7.527597349498106,160,efficient_su2,3,cobyla,160,137,ok
3.0694444444444446,Li 0 0 0; H 0 0 3.0694444444444446,sto-3g,"(2, 4)",True,parity,True,True,4,62,0.5172048758313122,-7.724082001397272,-0.24400118392188896,-0.18849307644478996,7.480080817475383,0.055508107477099,7.5355889249524814,160,efficient_su2,3,cobyla,160,137,ok
3.110479797979798,Li 0 0 0; H 0 0 3.110479797979798,sto-3g,"(2, 4)",True,parity,True,True,4,62,0.5103815925089994,-7.722367591534093,-0.24683072079686508,-0.19430279661704497,7.475536870737228,0.05252792417982011,7.528064794917048,160,efficient_su2,3,cobyla,160,137,ok
3.1515151515151514,Li 0 0 0; H 0 0 3.1515151515151514,sto-3g,"(2, 4)",True,parity,True,True,4,62,0.5037359988565385,-7.720986729915433,-0.24987545420012613,-0.18352543970839885,7.471111275715307,0.06635001449172728,7.537461290207034,160,efficient_su2,3,cobyla,160,137,ok
3.192550505050505,Li 0 0 0; H 0 0 3.192550505050505,sto-3g,"(2, 4)",True,parity,True,True,4,62,0.49726124308717423,-7.719937868682636,-0.25313839759833745,-0.1989481354204291,7.466799471084299,0.054190262177908344,7.520989733262207,160,efficient_su2,3,cobyla,160,137,ok
3.2335858585858586,Li 0 0 0; H 0 0 3.2335858585858586,sto-3g,"(2, 4)",True,parity,True,True,4,62,0.49095082122058575,-7.719215435623646,-0.25661830989196843,-0.20394296984439408,7.462597125731677,0.05267534004757435,7.515272465779252,160,efficient_su2,3,cobyla,160,137,ok
3.274621212121212,Li 0 0 0; H 0 0 3.274621212121212,sto-3g,"(2, 4)",True,parity,True,True,4,62,0.4847985552905033,-7.718810260297022,-0.2603101358059572,-0.18863287330931622,7.4585001244910645,0.07167726249664097,7.530177386987705,160,efficient_su2,3,cobyla,160,137,ok
3.3156565656565657,Li 0 0 0; H 0 0 3.3156565656565657,sto-3g,"(2, 4)",True,parity,True,True,4,62,0.4787985731705712,-7.718710032640198,-0.26420547770890646,-0.1911188738103916,7.454504554931291,0.07308660389851485,7.527591158829806,160,efficient_su2,3,cobyla,160,137,ok
3.356691919191919,Li 0 0 0; H 0 0 3.356691919191919,sto-3g,"(2, 4)",True,parity,True,True,4,62,0.4729452898799774,-7.718899744769584,-0.2682930496619862,-0.18093294534573257,7.450606695107598,0.08736010431625363,7.5379667994238515,160,efficient_su2,3,cobyla,160,137,ok
3.397727272727273,Li 0 0 0; H 0 0 3.397727272727273,sto-3g,"(2, 4)",True,parity,True,True,4,62,0.4672333902437459,-7.719362093421465,-0.2725590912280429,-0.20004719661350234,7.4468030021934215,0.07251189461454055,7.519314896807963,160,efficient_su2,3,cobyla,160,137,ok
3.4387626262626263,Li 0 0 0; H 0 0 3.4387626262626263,sto-3g,"(2, 4)",True,parity,True,True,4,62,0.46165781279453644,-7.720146311412103,-0.27705620949413634,-0.2089623670106876,7.443090101917966,0.06809384248344874,7.511183944401416,160,efficient_su2,3,cobyla,160,137,ok
3.4797979797979797,Li 0 0 0; H 0 0 3.4797979797979797,sto-3g,"(2, 4)",True,parity,True,True,4,62,0.45621373481346883,-7.722221439061011,-0.2827566603177224,-0.20432540209361716,7.439464778743289,0.07843125822410524,7.517896036967394,160,efficient_su2,3,cobyla,160,137,ok
3.5208333333333335,Li 0 0 0; H 0 0 3.5208333333333335,sto-3g,"(2, 4)",True,parity,True,True,4,62,0.45089655841704146,-7.724362227793739,-0.288438261072126,-0.2153073225193387,7.435923966721613,0.0731309385527873,7.5090549052744,160,efficient_su2,3,cobyla,160,137,ok
3.561868686868687,Li 0 0 0; H 0 0 3.561868686868687,sto-3g,"(2, 4)",True,parity,True,True,4,62,0.4457018976057852,-7.72655296050309,-0.2940882195237498,-0.19528057160097761,7.4324647409793405,0.09880764792277219,7.531272388902113,160,efficient_su2,3,cobyla,160,137,ok
3.6029040404040407,Li 0 0 0; H 0 0 3.6029040404040407,sto-3g,"(2, 4)",True,parity,True,True,4,62,0.44062556619797444,-7.72877802425287,-0.2996937144731192,-0.2048454426419435,7.429084309779751,0.09484827183117572,7.523932581610927,160,efficient_su2,3,cobyla,160,137,ok
3.643939393939394,Li 0 0 0; H 0 0 3.643939393939394,sto-3g,"(2, 4)",True,parity,True,True,4,62,0.4356635665786279,-7.731022295103502,-0.30524228798436426,-0.21444952620569802,7.425780007119138,0.09079276177866624,7.516572768897804,160,efficient_su2,3,cobyla,160,137,ok
3.6849747474747474,Li 0 0 0; H 0 0 3.6849747474747474,sto-3g,"(2, 4)",True,parity,True,True,4,62,0.4308120792002467,-7.733271563096173,-0.3107222772847961,-0.20202782476582076,7.422549285811376,0.10869445251897536,7.531243738330351,160,efficient_su2,3,cobyla,160,137,ok
3.726010101010101,Li 0 0 0; H 0 0 3.726010101010101,sto-3g,"(2, 4)",True,parity,True,True,4,62,0.42606745277733654,-7.735506530400567,-0.3161168221692883,-0.20795323095375234,7.419389708231279,0.10816359121553598,7.527553299446815,160,efficient_su2,3,cobyla,160,137,ok
3.7670454545454546,Li 0 0 0; H 0 0 3.7670454545454546,sto-3g,"(2, 4)",True,parity,True,True,4,62,0.42142619512181,-7.737722307717712,-0.321423358337384,-0.19124712330448868,7.416298949380328,0.13017623503289533,7.546475184413223,160,efficient_su2,3,cobyla,160,137,ok
3.808080808080808,Li 0 0 0; H 0 0 3.808080808080808,sto-3g,"(2, 4)",True,parity,True,True,4,62,0.41688496457092844,-7.73990391078296,-0.32662913370606933,-0.19892058547467678,7.413274777076891,0.12770854823139255,7.540983325308283,160,efficient_su2,3,cobyla,160,137,ok
3.8491161616161618,Li 0 0 0; H 0 0 3.8491161616161618,sto-3g,"(2, 4)",True,parity,True,True,4,62,0.4124405619635624,-7.742041816700798,-0.33172675265573104,-0.2084577792595822,7.410315064045067,0.12326897339614884,7.533584037441216,160,efficient_su2,3,cobyla,160,137,ok
3.890151515151515,Li 0 0 0; H 0 0 3.890151515151515,sto-3g,"(2, 4)",True,parity,True,True,4,62,0.4080899231242843,-7.744132287465665,-0.33671452345771663,-0.2079569375404337,7.407417764007948,0.12875758591728292,7.536175349925231,160,efficient_su2,3,cobyla,160,137,ok
3.931186868686869,Li 0 0 0; H 0 0 3.931186868686869,sto-3g,"(2, 4)",True,parity,True,True,4,62,0.4038301118181853,-7.746150168901193,-0.3415692536139059,-0.22139236816946462,7.404580915287287,0.12017688544444127,7.524757800731728,160,efficient_su2,3,cobyla,160,137,ok
3.9722222222222223,Li 0 0 0; H 0 0 3.9722222222222223,sto-3g,"(2, 4)",True,parity,True,True,4,62,0.39965831314237765,-7.748108270974014,-0.34630562422388345,-0.20391233966557565,7.401802646750131,0.1423932845583078,7.544195931308439,160,efficient_su2,3,cobyla,160,137,ok
4.013257575757576,Li 0 0 0; H 0 0 4.013257575757576,sto-3g,"(2, 4)",True,parity,True,True,4,62,0.39557182732292595,-7.749995474280376,-0.35091431685789587,-0.20945028062770943,7.39908115742248,0.14146403623018644,7.540545193652667,160,efficient_su2,3,cobyla,160,137,ok
4.054292929292929,Li 0 0 0; H 0 0 4.054292929292929,sto-3g,"(2, 4)",True,parity,True,True,4,62,0.39156806388848336,-7.751804382383725,-0.35538966152085144,-0.22083332267556216,7.396414720862873,0.13455633884528928,7.530971059708162,160,efficient_su2,3,cobyla,160,137,ok
4.095328282828283,Li 0 0 0; H 0 0 4.095328282828283,sto-3g,"(2, 4)",True,parity,True,True,4,62,0.38764453619420997,-7.753543911626788,-0.3597422316812246,-0.22445925981507214,7.393801679945564,0.13528297186615246,7.529084651811716,160,efficient_su2,3,cobyla,160,137,ok
4.136363636363637,Li 0 0 0; H 0 0 4.136363636363637,sto-3g,"(2, 4)",True,parity,True,True,4,62,0.38379885627164834,-7.755201550784745,-0.3639611069266738,-0.23209562479162804,7.391240443858072,0.1318654821350458,7.523105925993117,160,efficient_su2,3,cobyla,160,137,ok
4.17739898989899,Li 0 0 0; H 0 0 4.17739898989899,sto-3g,"(2, 4)",True,parity,True,True,4,62,0.380028729982143,-7.756780682018217,-0.36805119580189716,-0.11563788943790776,7.38872948621632,0.2524133063639894,7.641142792580309,160,efficient_su2,3,cobyla,160,137,ok
4.218434343434343,Li 0 0 0; H 0 0 4.218434343434343,sto-3g,"(2, 4)",True,parity,True,True,4,62,0.3763319524531338,-7.758281471138613,-0.3720141384315959,-0.17531292557300193,7.386267332707017,0.196701212858594,7.582968545565611,160,efficient_su2,3,cobyla,160,137,ok
4.259469696969697,Li 0 0 0; H 0 0 4.259469696969697,sto-3g,"(2, 4)",True,parity,True,True,4,62,0.3727064037782481,-7.759704870534693,-0.3758522949575988,-0.18106154849656803,7.3838525755770945,0.19479074646103078,7.5786433220381255,160,efficient_su2,3,cobyla,160,137,ok
4.30050505050505,Li 0 0 0; H 0 0 4.30050505050505,sto-3g,"(2, 4)",True,parity,True,True,4,62,0.36915004496357023,-7.761054719308758,-0.37957085944925045,-0.17438825688903042,7.381483859859507,0.20518260256022003,7.5866664624197275,160,efficient_su2,3,cobyla,160,137,ok
4.341540404040404,Li 0 0 0; H 0 0 4.341540404040404,sto-3g,"(2, 4)",True,parity,True,True,4,62,0.3656609141038011,-7.762323941469861,-0.3831640660651382,-0.17047204491361945,7.3791598754047225,0.21269202115151875,7.591851896556241,160,efficient_su2,3,cobyla,160,137,ok
4.382575757575758,Li 0 0 0; H 0 0 4.382575757575758,sto-3g,"(2, 4)",True,parity,True,True,4,62,0.36223712277324116,-7.7635293977895685,-0.3866500332662878,-0.17031117940126905,7.376879364523281,0.21633885386501872,7.5932182183883,160,efficient_su2,3,cobyla,160,137,ok
4.423611111111111,Li 0 0 0; H 0 0 4.423611111111111,sto-3g,"(2, 4)",True,parity,True,True,4,62,0.3588768526176453,-7.764660860084595,-0.3900197286601707,-0.15497265973156577,7.374641131424424,0.23504706892860494,7.609688200353029,160,efficient_su2,3,cobyla,160,137,ok
4.4646464646464645,Li 0 0 0; H 0 0 4.4646464646464645,sto-3g,"(2, 4)",True,parity,True,True,4,62,0.3555783521340272,-7.765726630184269,-0.3932826549902102,-0.1731598608652518,7.372443975194059,0.2201227941249584,7.592566769319017,160,efficient_su2,3,cobyla,160,137,ok
4.505681818181818,Li 0 0 0; H 0 0 4.505681818181818,sto-3g,"(2, 4)",True,parity,True,True,4,62,0.3523399336264313,-7.766730479236319,-0.39644367343497416,-0.14262038817996248,7.370286805801345,0.2538232852550117,7.624110091056356,160,efficient_su2,3,cobyla,160,137,ok
4.546717171717171,Li 0 0 0; H 0 0 4.546717171717171,sto-3g,"(2, 4)",True,parity,True,True,4,62,0.34915997032655377,-7.767672660984417,-0.3995041282438606,-0.135701726970339,7.368168532740556,0.2638024012735216,7.631970934014078,160,efficient_su2,3,cobyla,160,137,ok
4.587752525252525,Li 0 0 0; H 0 0 4.587752525252525,sto-3g,"(2, 4)",True,parity,True,True,4,62,0.3460368936688923,-7.768557405440158,-0.4024693019676367,-0.1606487523335453,7.366088103472522,0.2418205496340914,7.607908653106613,160,efficient_su2,3,cobyla,160,137,ok
4.628787878787879,Li 0 0 0; H 0 0 4.628787878787879,sto-3g,"(2, 4)",True,parity,True,True,4,62,0.3429691907108347,-7.769387466360694,-0.4053429444956694,-0.17345378560179653,7.364044521865025,0.23188915889387285,7.595933680758898,160,efficient_su2,3,cobyla,160,137,ok
4.669823232323232,Li 0 0 0; H 0 0 4.669823232323232,sto-3g,"(2, 4)",True,parity,True,True,4,62,0.33995540168877125,-7.770165566794081,-0.40812875338271026,-0.19489146770039234,7.362036813411371,0.21323728568231792,7.575274099093689,160,efficient_su2,3,cobyla,160,137,ok
4.7108585858585865,Li 0 0 0; H 0 0 4.7108585858585865,sto-3g,"(2, 4)",True,parity,True,True,4,62,0.3369941177019351,-7.7708949163697945,-0.41083087552908204,-0.18467338948105738,7.3600640408407125,0.22615748604802466,7.586221526888737,160,efficient_su2,3,cobyla,160,137,ok
4.7518939393939394,Li 0 0 0; H 0 0 4.7518939393939394,sto-3g,"(2, 4)",True,parity,True,True,4,62,0.33408397851625354,-7.771578378914336,-0.4134530787802722,-0.0643875765208734,7.358125300134064,0.3490655022593988,7.7071908023934625,160,efficient_su2,3,cobyla,160,137,ok
4.792929292929292,Li 0 0 0; H 0 0 4.792929292929292,sto-3g,"(2, 4)",True,parity,True,True,5,155,0.33122367048101164,-7.782367151094668,-0.42616209738767286,-0.12984032718237581,7.356205053706995,0.29632177020529704,7.652526823912292,160,efficient_su2,3,cobyla,160,137,ok
4.833964646464646,Li 0 0 0; H 0 0 4.833964646464646,sto-3g,"(2, 4)",True,parity,True,True,4,62,0.3284119245516312,-7.782204944629176,-0.4278329706029143,-0.16827434699577687,7.354371974026262,0.25955862360713744,7.613930597633399,160,efficient_su2,3,cobyla,160,137,ok
4.875,Li 0 0 0; H 0 0 4.875,sto-3g,"(2, 4)",True,parity,True,True,4,62,0.32564751441230766,-7.782152434107047,-0.4296237324856721,-0.17048305190216384,7.352528701621375,0.25914068058350825,7.611669382204884,160,efficient_su2,3,cobyla,160,137,ok
