distance,config,atom,basis,active_space,freeze_core,mapper,z2,use_num_particles,num_qubits,num_terms,constant_energy,fci_energy,ansatz_name,ansatz_reps,optimizer,optimizer_max_iter,seed,status,exact_total_energy,vqe_total_energy,exact_vs_fci_abs_error,vqe_vs_exact_abs_error,vqe_vs_fci_abs_error,eval_count
0.8125,4q_with_parity_z2,Li 0 0 0; H 0 0 0.8125,sto-3g,"(2, 4)",False,parity,True,True,4,62,1.9538850864738464,-7.647226476565805,real_amplitudes,2,cobyla,160,137,ok,0.8164762785905011,0.8224232440329287,8.463702755156307,0.0059469654424275,8.469649720598735,160.0
0.8535353535353536,4q_with_parity_z2,Li 0 0 0; H 0 0 0.8535353535353536,sto-3g,"(2, 4)",False,parity,True,True,4,62,1.859948303470296,-7.686076010473024,real_amplitudes,2,cobyla,160,137,ok,0.713119861090802,0.7164896156995126,8.399195871563826,0.0033697546087105,8.402565626172537,160.0
0.8945707070707071,4q_with_parity_z2,Li 0 0 0; H 0 0 0.8945707070707071,sto-3g,"(2, 4)",False,parity,True,True,4,62,1.77462957395331,-7.719390450477671,real_amplitudes,2,cobyla,160,137,ok,0.6211309407621954,0.6243439510521109,8.340521391239866,0.0032130102899154,8.343734401529781,160.0
0.9356060606060606,4q_with_parity_z2,Li 0 0 0; H 0 0 0.9356060606060606,sto-3g,"(2, 4)",False,parity,True,True,4,62,1.6967949435167613,-7.747901969334818,real_amplitudes,2,cobyla,160,137,ok,0.5391102865164019,0.5439286570545745,8.28701225585122,0.0048183705381725,8.291830626389393,160.0
0.976641414141414,4q_with_parity_z2,Li 0 0 0; H 0 0 0.976641414141414,sto-3g,"(2, 4)",False,parity,True,True,4,62,1.6255010383269817,-7.772247767700221,real_amplitudes,2,cobyla,160,137,ok,0.4658325087933763,0.4699660435833861,8.238080276493598,0.0041335347900097,8.242213811283607,160.0
1.0176767676767675,4q_with_parity_z2,Li 0 0 0; H 0 0 1.0176767676767675,sto-3g,"(2, 4)",False,parity,True,True,4,62,1.5599566416202486,-7.792980698268691,real_amplitudes,2,cobyla,160,137,ok,0.4002284949830343,0.4037763464091288,8.193209193251725,0.0035478514260944,8.19675704467782,160.0
1.058712121212121,4q_with_parity_z2,Li 0 0 0; H 0 0 1.058712121212121,sto-3g,"(2, 4)",False,parity,True,True,4,62,1.4994932058985335,-7.810578606105038,real_amplitudes,2,cobyla,160,137,ok,0.341369177870898,0.3436548342223982,8.151947783975936,0.0022856563515001,8.154233440327436,160.0
1.0997474747474747,4q_with_parity_z2,Li 0 0 0; H 0 0 1.0997474747474747,sto-3g,"(2, 4)",False,parity,True,True,4,62,1.4435419668724685,-7.825453094228228,real_amplitudes,2,cobyla,160,137,ok,0.2884498445747478,0.2969345594926897,8.113902938802976,0.0084847149179418,8.122387653720917,160.0
1.1407828282828285,4q_with_parity_z2,Li 0 0 0; H 0 0 1.1407828282828285,sto-3g,"(2, 4)",False,parity,True,True,4,62,1.3916159968410846,-7.83795789441976,real_amplitudes,2,cobyla,160,137,ok,0.2407747217984697,0.2433615233868598,8.078732616218229,0.00258680158839,8.08131941780662,160.0
1.181818181818182,4q_with_parity_z2,Li 0 0 0; H 0 0 1.181818181818182,sto-3g,"(2, 4)",False,parity,True,True,4,62,1.343295996950769,-7.848396762037793,real_amplitudes,2,cobyla,160,137,ok,0.1977423779517184,0.2042690353538212,8.046139139989512,0.0065266574021027,8.052665797391615,160.0
1.2228535353535357,4q_with_parity_z2,Li 0 0 0; H 0 0 1.2228535353535357,sto-3g,"(2, 4)",False,parity,True,True,4,62,1.2982189500732264,-7.85703073808875,real_amplitudes,2,cobyla,160,137,ok,0.1588323204540136,0.1687668413158993,8.015863058542763,0.0099345208618857,8.02579757940465,160.0
1.2638888888888888,4q_with_parity_z2,Li 0 0 0; H 0 0 1.2638888888888888,sto-3g,"(2, 4)",False,parity,True,True,4,62,1.2560689841617585,-7.864084648435845,real_amplitudes,2,cobyla,160,137,ok,0.1235930785839882,0.1335407758037641,7.987677727019832,0.0099476972197758,7.997625424239609,160.0
1.3049242424242424,4q_with_parity_z2,Li 0 0 0; H 0 0 1.3049242424242424,sto-3g,"(2, 4)",False,parity,True,True,4,62,1.2165699595025836,-7.869752775283759,real_amplitudes,2,cobyla,160,137,ok,0.0916318764377082,0.0968163731389304,7.961384651721467,0.0051844967012222,7.966569148422689,160.0
1.345959595959596,4q_with_parity_z2,Li 0 0 0; H 0 0 1.345959595959596,sto-3g,"(2, 4)",False,parity,True,True,4,62,1.179479411956773,-7.874203702244927,real_amplitudes,2,cobyla,160,137,ok,0.0626058197059191,0.0649432039913289,7.936809521950845,0.0023373842854097,7.939146906236256,160.0
1.3869949494949494,4q_with_parity_z2,Li 0 0 0; H 0 0 1.3869949494949494,sto-3g,"(2, 4)",False,parity,True,True,4,62,1.144583571366336,-7.877584384680912,real_amplitudes,2,cobyla,160,137,ok,0.0362145270962306,0.0410486786956865,7.913798911777143,0.0048341515994558,7.918633063376598,160.0
1.428030303030303,4q_with_parity_z2,Li 0 0 0; H 0 0 1.428030303030303,sto-3g,"(2, 4)",False,parity,True,True,4,62,1.1116932388558092,-7.880023527857263,real_amplitudes,2,cobyla,160,137,ok,0.0121939180224774,0.0149460657728779,7.892217445879741,0.0027521477504004,7.894969593630141,160.0
1.4690656565656566,4q_with_parity_z2,Li 0 0 0; H 0 0 1.4690656565656566,sto-3g,"(2, 4)",False,parity,True,True,4,62,1.080640355088887,-7.881634369202191,real_amplitudes,2,cobyla,160,137,ok,-0.0096889577136756,-0.0065649383543049,7.871945411488515,0.0031240193593706,7.875069430847885,160.0
1.5101010101010102,4q_with_parity_z2,Li 0 0 0; H 0 0 1.5101010101010102,sto-3g,"(2, 4)",False,parity,True,True,4,62,1.0512751280484285,-7.882516962088132,real_amplitudes,2,cobyla,160,137,ok,-0.0296402427540467,-0.0278162166496196,7.852876719334085,0.0018240261044271,7.854700745438512,160.0
1.5511363636363638,4q_with_parity_z2,Li 0 0 0; H 0 0 1.5511363636363638,sto-3g,"(2, 4)",False,parity,True,True,4,62,1.0234636167243956,-7.88276005156596,real_amplitudes,2,cobyla,160,137,ok,-0.0478429161166145,-0.0408526084321834,7.834917135449345,0.006990307684431,7.841907443133776,160.0
1.5921717171717171,4q_with_parity_z2,Li 0 0 0; H 0 0 1.5921717171717171,sto-3g,"(2, 4)",False,parity,True,True,4,62,0.997085688458303,-7.882442621136799,real_amplitudes,2,cobyla,160,137,ok,-0.0644598429603067,-0.0604429974649796,7.817982778176493,0.0040168454953271,7.82199962367182,160.0
1.6332070707070707,4q_with_parity_z2,Li 0 0 0; H 0 0 1.6332070707070707,sto-3g,"(2, 4)",False,parity,True,True,4,62,0.9720332842256822,-7.881635176737932,real_amplitudes,2,cobyla,160,137,ok,-0.079636382993689,-0.0735480742469403,7.801998793744243,0.0060883087467487,7.808087102490992,160.0
1.6742424242424243,4q_with_parity_z2,Li 0 0 0; H 0 0 1.6742424242424243,sto-3g,"(2, 4)",False,parity,True,True,4,62,0.9482089390240724,-7.880400821522153,real_amplitudes,2,cobyla,160,137,ok,-0.0935025993366818,-0.0912364443714299,7.786898222185472,0.0022661549652518,7.7891643771507235,160.0
1.7152777777777777,4q_with_parity_z2,Li 0 0 0; H 0 0 1.7152777777777777,sto-3g,"(2, 4)",False,parity,True,True,4,62,0.9255245146455062,-7.8787961637843935,real_amplitudes,2,cobyla,160,137,ok,-0.1061751499700223,-0.100053621313368,7.772621013814371,0.0061215286566542,7.778742542471026,160.0
1.7563131313131313,4q_with_parity_z2,Li 0 0 0; H 0 0 1.7563131313131313,sto-3g,"(2, 4)",False,parity,True,True,4,62,0.903900110097714,-7.876872090999209,real_amplitudes,2,cobyla,160,137,ok,-0.1177589126490903,-0.1138852430121051,7.759113178350118,0.0038736696369852,7.762986847987103,160.0
1.7973484848484849,4q_with_parity_z2,Li 0 0 0; H 0 0 1.7973484848484849,sto-3g,"(2, 4)",False,parity,True,True,4,62,0.8832631212826976,-7.874674435410325,real_amplitudes,2,cobyla,160,137,ok,-0.1283483871386681,-0.1247108460405892,7.746326048271657,0.0036375410980789,7.749963589369736,160.0
1.8383838383838385,4q_with_parity_z2,Li 0 0 0; H 0 0 1.8383838383838385,sto-3g,"(2, 4)",False,parity,True,True,4,62,0.8635474266112088,-7.872244550762449,real_amplitudes,2,cobyla,160,137,ok,-0.1380289109745368,-0.1345383972153483,7.734215639787912,0.0034905137591885,7.737706153547101,160.0
1.879419191919192,4q_with_parity_z2,Li 0 0 0; H 0 0 1.879419191919192,sto-3g,"(2, 4)",False,parity,True,True,4,62,0.8446926793052874,-7.869619815283086,real_amplitudes,2,cobyla,160,137,ok,-0.1468777188430631,-0.1433879989064949,7.722742096440022,0.0034897199365682,7.726231816376591,160.0
1.9204545454545456,4q_with_parity_z2,Li 0 0 0; H 0 0 1.9204545454545456,sto-3g,"(2, 4)",False,parity,True,True,4,62,0.8266436904312426,-7.8668340725951476,real_amplitudes,2,cobyla,160,137,ok,-0.1549648707119824,-0.1415543485017314,7.711869201883165,0.0134105222102509,7.725279724093416,160.0
1.961489898989899,4q_with_parity_z2,Li 0 0 0; H 0 0 1.961489898989899,sto-3g,"(2, 4)",False,parity,True,True,4,62,0.8093498893761959,-7.86391801959832,real_amplitudes,2,cobyla,160,137,ok,-0.1623540697752452,-0.1556347022252793,7.7015639498230755,0.0067193675499659,7.708283317373041,160.0
2.0025252525252526,4q_with_parity_z2,Li 0 0 0; H 0 0 2.0025252525252526,sto-3g,"(2, 4)",False,parity,True,True,4,62,0.7927648506594704,-7.860899548286675,real_amplitudes,2,cobyla,160,137,ok,-0.1691033879058713,-0.1624993935980314,7.691796160380803,0.0066039943078398,7.698400154688644,160.0
2.043560606060606,4q_with_parity_z2,Li 0 0 0; H 0 0 2.043560606060606,sto-3g,"(2, 4)",False,parity,True,True,4,62,0.7768458777546619,-7.8578040468186625,real_amplitudes,2,cobyla,160,137,ok,-0.1752659135099118,-0.1528667558187618,7.682538133308751,0.0223991576911499,7.704937290999901,160.0
2.0845959595959593,4q_with_parity_z2,Li 0 0 0; H 0 0 2.0845959595959593,sto-3g,"(2, 4)",False,parity,True,True,4,62,0.7615536360665779,-7.854654663827811,real_amplitudes,2,cobyla,160,137,ok,-0.1808903343507674,-0.1772104284457898,7.673764329477044,0.0036799059049775,7.677444235382022,160.0
2.125631313131313,4q_with_parity_z2,Li 0 0 0; H 0 0 2.125631313131313,sto-3g,"(2, 4)",False,parity,True,True,4,62,0.7468518284205048,-7.851472538899381,real_amplitudes,2,cobyla,160,137,ok,-0.1860214659915319,-0.170191368957432,7.6654510729078496,0.0158300970340998,7.68128116994195,160.0
2.166666666666667,4q_with_parity_z2,Li 0 0 0; H 0 0 2.166666666666667,sto-3g,"(2, 4)",False,parity,True,True,4,62,0.7327069074276923,-7.848277001314829,real_amplitudes,2,cobyla,160,137,ok,-0.1907007349249802,-0.1714973864257677,7.657576266389849,0.0192033484992124,7.676779614889061,160.0
2.2077020202020203,4q_with_parity_z2,Li 0 0 0; H 0 0 2.2077020202020203,sto-3g,"(2, 4)",False,parity,True,True,4,62,0.7190878199290364,-7.845085738576724,real_amplitudes,2,cobyla,160,137,ok,-0.1949666241679533,-0.175959299529643,7.650119114408771,0.0190073246383102,7.669126439047082,160.0
2.2487373737373737,4q_with_parity_z2,Li 0 0 0; H 0 0 2.2487373737373737,sto-3g,"(2, 4)",False,parity,True,True,4,62,0.7059657794193824,-7.841914935880394,real_amplitudes,2,cobyla,160,137,ok,-0.1988550880302908,-0.1801514373278814,7.643059847850103,0.0187036507024094,7.661763498552512,160.0
2.2897727272727275,4q_with_parity_z2,Li 0 0 0; H 0 0 2.2897727272727275,sto-3g,"(2, 4)",False,parity,True,True,4,62,0.6933140629423326,-7.838779387607658,real_amplitudes,2,cobyla,160,137,ok,-0.2023999418560136,-0.1986747036723695,7.636379445751644,0.0037252381836441,7.640104683935288,160.0
2.330808080808081,4q_with_parity_z2,Li 0 0 0; H 0 0 2.330808080808081,sto-3g,"(2, 4)",False,parity,True,True,4,62,0.6811078294398267,-7.83569258209462,real_amplitudes,2,cobyla,160,137,ok,-0.2056332316879929,-0.1870472182825349,7.630059350406627,0.018586013405458,7.648645363812085,160.0
2.3718434343434343,4q_with_parity_z2,Li 0 0 0; H 0 0 2.3718434343434343,sto-3g,"(2, 4)",False,parity,True,True,4,62,0.6693239569581688,-7.832666761367101,real_amplitudes,2,cobyla,160,137,ok,-0.2085855879096175,-0.177519757145925,7.624081173457483,0.0310658307636925,7.655147004221176,160.0
2.412878787878788,4q_with_parity_z2,Li 0 0 0; H 0 0 2.412878787878788,sto-3g,"(2, 4)",False,parity,True,True,4,62,0.6579408964656829,-7.829712958223555,real_amplitudes,2,cobyla,160,137,ok,-0.211286565815737,-0.2066735709070674,7.618426392407819,0.0046129949086696,7.623039387316488,160.0
2.4539141414141414,4q_with_parity_z2,Li 0 0 0; H 0 0 2.4539141414141414,sto-3g,"(2, 4)",False,parity,True,True,4,62,0.6469385403374943,-7.826841013921847,real_amplitudes,2,cobyla,160,137,ok,-0.2137649745627984,-0.2041636123820268,7.613076039359048,0.0096013621807715,7.6226774015398195,160.0
2.494949494949495,4q_with_parity_z2,Li 0 0 0; H 0 0 2.494949494949495,sto-3g,"(2, 4)",False,parity,True,True,4,62,0.6362981038187856,-7.824059580700687,real_amplitudes,2,cobyla,160,137,ok,-0.2160491938042535,-0.206623807825014,7.608010386896433,0.0094253859792395,7.617435772875673,160.0
2.5359848484848486,4q_with_parity_z2,Li 0 0 0; H 0 0 2.5359848484848486,sto-3g,"(2, 4)",False,parity,True,True,4,62,0.626002017996475,-7.8213761143117555,real_amplitudes,2,cobyla,160,137,ok,-0.2181674742649951,-0.2021036266709704,7.60320864004676,0.0160638475940246,7.619272487640785,160.0
2.577020202020202,4q_with_parity_z2,Li 0 0 0; H 0 0 2.577020202020202,sto-3g,"(2, 4)",False,parity,True,True,4,62,0.6160338329965311,-7.8187968624922,real_amplitudes,2,cobyla,160,137,ok,-0.2201482143063798,-0.2073747159189832,7.59864864818582,0.0127734983873966,7.611422146573217,160.0
2.6180555555555554,4q_with_parity_z2,Li 0 0 0; H 0 0 2.6180555555555554,sto-3g,"(2, 4)",False,parity,True,True,4,62,0.6063781302849869,-7.8163268557032,real_amplitudes,2,cobyla,160,137,ok,-0.2220201990653698,-0.2086829675487337,7.59430665663783,0.0133372315166361,7.607643888154466,160.0
2.659090909090909,4q_with_parity_z2,Li 0 0 0; H 0 0 2.659090909090909,sto-3g,"(2, 4)",False,parity,True,True,4,62,0.5970204430892307,-7.813969906352576,real_amplitudes,2,cobyla,160,137,ok,-0.2238127822071588,-0.2114853321093386,7.590157124145417,0.0123274500978202,7.602484574243237,160.0
2.7001262626262625,4q_with_parity_z2,Li 0 0 0; H 0 0 2.7001262626262625,sto-3g,"(2, 4)",False,parity,True,True,4,62,0.5879471840757167,-7.8117286220217,real_amplitudes,2,cobyla,160,137,ok,-0.2255559833742257,-0.190763621581002,7.586172638647475,0.0347923617932237,7.620965000440698,160.0
2.741161616161616,4q_with_parity_z2,Li 0 0 0; H 0 0 2.741161616161616,sto-3g,"(2, 4)",False,parity,True,True,4,62,0.5791455795236851,-7.809604436932927,real_amplitudes,2,cobyla,160,137,ok,-0.2272804684043964,-0.1850092599934433,7.582323968528531,0.0422712084109531,7.624595176939484,160.0
2.7821969696969697,4q_with_parity_z2,Li 0 0 0; H 0 0 2.7821969696969697,sto-3g,"(2, 4)",False,parity,True,True,4,62,0.5706036093242206,-7.807597664131854,real_amplitudes,2,cobyla,160,137,ok,-0.2290172594648644,-0.194462368602131,7.578580404666989,0.0345548908627333,7.613135295529723,160.0
2.823232323232323,4q_with_parity_z2,Li 0 0 0; H 0 0 2.823232323232323,sto-3g,"(2, 4)",False,parity,True,True,4,62,0.56230995221195,-7.805707568823728,real_amplitudes,2,cobyla,160,137,ok,-0.2307978345142198,-0.1915542047759156,7.574909734309507,0.0392436297383042,7.614153364047812,160.0
2.864267676767677,4q_with_parity_z2,Li 0 0 0; H 0 0 2.864267676767677,sto-3g,"(2, 4)",False,parity,True,True,4,62,0.5542539357046153,-7.803932461258473,real_amplitudes,2,cobyla,160,137,ok,-0.232652947515415,-0.2126416342935707,7.5712795137430575,0.0200113132218442,7.591290826964902,160.0
2.9053030303030303,4q_with_parity_z2,Li 0 0 0; H 0 0 2.9053030303030303,sto-3g,"(2, 4)",False,parity,True,True,4,62,0.5464254902850587,-7.802269805774874,real_amplitudes,2,cobyla,160,137,ok,-0.2346125825378545,-0.2137863907265509,7.56765722323702,0.0208261918113036,7.588483415048323,160.0
2.946338383838384,4q_with_parity_z2,Li 0 0 0; H 0 0 2.946338383838384,sto-3g,"(2, 4)",False,parity,True,True,4,62,0.5388151074120078,-7.800716341311764,real_amplitudes,2,cobyla,160,137,ok,-0.2367040736947625,-0.2142767803387424,7.564012267617001,0.0224272933560201,7.586439560973021,160.0
2.9873737373737375,4q_with_parity_z2,Li 0 0 0; H 0 0 2.9873737373737375,sto-3g,"(2, 4)",False,parity,True,True,4,62,0.5314138009915131,-7.799268208001311,real_amplitudes,2,cobyla,160,137,ok,-0.2389525346423257,-0.2142626269946935,7.560315673358986,0.0246899076476321,7.585005581006618,160.0
3.028409090909091,4q_with_parity_z2,Li 0 0 0; H 0 0 3.028409090909091,sto-3g,"(2, 4)",False,parity,True,True,4,62,0.524213071980788,-7.797921074393398,real_amplitudes,2,cobyla,160,137,ok,-0.2413792385291038,-0.2313128659994908,7.556541835864294,0.0100663725296129,7.566608208393907,160.0
3.0694444444444446,4q_with_parity_z2,Li 0 0 0; H 0 0 3.0694444444444446,sto-3g,"(2, 4)",False,parity,True,True,4,62,0.5172048758313122,-7.796670260341341,real_amplitudes,2,cobyla,160,137,ok,-0.2440011839218869,-0.2153876941477657,7.552669076419454,0.0286134897741212,7.581282566193575,160.0
3.110479797979798,4q_with_parity_z2,Li 0 0 0; H 0 0 3.110479797979798,sto-3g,"(2, 4)",False,parity,True,True,4,62,0.5103815925089994,-7.795510851456871,real_amplitudes,2,cobyla,160,137,ok,-0.2468307207968675,-0.2257158103020007,7.548680130660004,0.0211149104948668,7.569795041154871,160.0
3.1515151515151514,4q_with_parity_z2,Li 0 0 0; H 0 0 3.1515151515151514,sto-3g,"(2, 4)",False,parity,True,True,4,62,0.5037359988565385,-7.794437802137764,real_amplitudes,2,cobyla,160,137,ok,-0.2498754542001255,-0.2273576080399264,7.544562347937638,0.0225178461601991,7.567080194097837,160.0
3.192550505050505,4q_with_parity_z2,Li 0 0 0; H 0 0 3.192550505050505,sto-3g,"(2, 4)",False,parity,True,True,4,62,0.4972612430871742,-7.793446025316622,real_amplitudes,2,cobyla,160,137,ok,-0.2531383975983362,-0.2489208271205535,7.540307627718286,0.0042175704777827,7.544525198196069,160.0
3.2335858585858586,4q_with_parity_z2,Li 0 0 0; H 0 0 3.2335858585858586,sto-3g,"(2, 4)",False,parity,True,True,4,62,0.4909508212205857,-7.79253046813841,real_amplitudes,2,cobyla,160,137,ok,-0.2566183098919673,-0.2314121606095541,7.535912158246442,0.0252061492824131,7.561118307528856,160.0
3.274621212121212,4q_with_parity_z2,Li 0 0 0; H 0 0 3.274621212121212,sto-3g,"(2, 4)",False,parity,True,True,4,62,0.4847985552905033,-7.791686173659663,real_amplitudes,2,cobyla,160,137,ok,-0.2603101358059561,-0.2542297374546699,7.531376037853707,0.0060803983512861,7.537456436204993,160.0
3.3156565656565657,4q_with_parity_z2,Li 0 0 0; H 0 0 3.3156565656565657,sto-3g,"(2, 4)",False,parity,True,True,4,62,0.4787985731705712,-7.790908329333097,real_amplitudes,2,cobyla,160,137,ok,-0.2642054777089313,-0.2584088629426224,7.526702851624165,0.0057966147663088,7.532499466390474,160.0
3.356691919191919,4q_with_parity_z2,Li 0 0 0; H 0 0 3.356691919191919,sto-3g,"(2, 4)",False,parity,True,True,4,62,0.4729452898799774,-7.7901923034927645,real_amplitudes,2,cobyla,160,137,ok,-0.2682930496619856,-0.2546705069350281,7.521899253830779,0.0136225427269575,7.535521796557736,160.0
3.397727272727273,4q_with_parity_z2,Li 0 0 0; H 0 0 3.397727272727273,sto-3g,"(2, 4)",False,parity,True,True,4,62,0.4672333902437459,-7.789533671310926,real_amplitudes,2,cobyla,160,137,ok,-0.2725590912280419,-0.2714728855627848,7.516974580082884,0.001086205665257,7.518060785748141,160.0
3.4387626262626263,4q_with_parity_z2,Li 0 0 0; H 0 0 3.4387626262626263,sto-3g,"(2, 4)",False,parity,True,True,4,62,0.4616578127945364,-7.788928231793802,real_amplitudes,2,cobyla,160,137,ok,-0.2770562094941402,-0.2674355457375841,7.511872022299662,0.0096206637565561,7.521492686056218,160.0
3.4797979797979797,4q_with_parity_z2,Li 0 0 0; H 0 0 3.4797979797979797,sto-3g,"(2, 4)",False,parity,True,True,4,62,0.4562137348134688,-7.788372017360366,real_amplitudes,2,cobyla,160,137,ok,-0.2827566603177213,-0.2796035611268207,7.505615357042645,0.0031530991909005,7.508768456233546,160.0
3.5208333333333335,4q_with_parity_z2,Li 0 0 0; H 0 0 3.5208333333333335,sto-3g,"(2, 4)",False,parity,True,True,4,62,0.4508965584170414,-7.787861297446182,real_amplitudes,2,cobyla,160,137,ok,-0.2884382610721265,-0.285916975101514,7.499423036374055,0.0025212859706125,7.501944322344668,160.0
3.561868686868687,4q_with_parity_z2,Li 0 0 0; H 0 0 3.561868686868687,sto-3g,"(2, 4)",False,parity,True,True,4,62,0.4457018976057852,-7.787392577423606,real_amplitudes,2,cobyla,160,137,ok,-0.2940882195237467,-0.2909320910217906,7.493304357899859,0.0031561285019561,7.496460486401816,160.0
3.6029040404040407,4q_with_parity_z2,Li 0 0 0; H 0 0 3.6029040404040407,sto-3g,"(2, 4)",False,parity,True,True,4,62,0.4406255661979744,-7.786962593958704,real_amplitudes,2,cobyla,160,137,ok,-0.2996937144731137,-0.2954714243830807,7.48726887948559,0.004222290090033,7.491491169575624,160.0
3.643939393939394,4q_with_parity_z2,Li 0 0 0; H 0 0 3.643939393939394,sto-3g,"(2, 4)",False,parity,True,True,4,62,0.4356635665786279,-7.786568307749276,real_amplitudes,2,cobyla,160,137,ok,-0.3052422879843653,-0.2998474543574031,7.481326019764911,0.0053948336269622,7.486720853391873,160.0
3.6849747474747474,4q_with_parity_z2,Li 0 0 0; H 0 0 3.6849747474747474,sto-3g,"(2, 4)",False,parity,True,True,4,62,0.4308120792002467,-7.78620689442291,real_amplitudes,2,cobyla,160,137,ok,-0.3107222772848297,-0.3068643927338365,7.47548461713808,0.0038578845509932,7.479342501689073,160.0
3.726010101010101,4q_with_parity_z2,Li 0 0 0; H 0 0 3.726010101010101,sto-3g,"(2, 4)",False,parity,True,True,4,62,0.4260674527773365,-7.785875734221958,real_amplitudes,2,cobyla,160,137,ok,-0.3161168223247031,-0.3110277440043568,7.469758911897254,0.0050890783203463,7.474847990217601,160.0
3.7670454545454546,4q_with_parity_z2,Li 0 0 0; H 0 0 3.7670454545454546,sto-3g,"(2, 4)",False,parity,True,True,4,62,0.42142619512181,-7.785572400971369,real_amplitudes,2,cobyla,160,137,ok,-0.3214233584888876,-0.3173003030345541,7.4641490424824815,0.0041230554543334,7.468272097936815,160.0
3.808080808080808,4q_with_parity_z2,Li 0 0 0; H 0 0 3.808080808080808,sto-3g,"(2, 4)",False,parity,True,True,4,62,0.4168849645709284,-7.785294650712623,real_amplitudes,2,cobyla,160,137,ok,-0.3266291337766517,-0.3227086871011753,7.458665516935971,0.0039204466754764,7.462585963611447,160.0
3.8491161616161618,4q_with_parity_z2,Li 0 0 0; H 0 0 3.8491161616161618,sto-3g,"(2, 4)",False,parity,True,True,4,62,0.4124405619635624,-7.785040410293917,real_amplitudes,2,cobyla,160,137,ok,-0.331726748738638,-0.3277865508710788,7.453313661555279,0.0039401978675592,7.457253859422837,160.0
3.890151515151515,4q_with_parity_z2,Li 0 0 0; H 0 0 3.890151515151515,sto-3g,"(2, 4)",False,parity,True,True,4,62,0.4080899231242843,-7.784807766131309,real_amplitudes,2,cobyla,160,137,ok,-0.3367145234576895,-0.3324721933954632,7.44809324267362,0.0042423300622262,7.452335572735846,160.0
3.931186868686869,4q_with_parity_z2,Li 0 0 0; H 0 0 3.931186868686869,sto-3g,"(2, 4)",False,parity,True,True,4,62,0.4038301118181853,-7.7845949532942464,real_amplitudes,2,cobyla,160,137,ok,-0.3415692536093175,-0.3362608181472135,7.443025699684929,0.005308435462104,7.448334135147033,160.0
3.9722222222222223,4q_with_parity_z2,Li 0 0 0; H 0 0 3.9722222222222223,sto-3g,"(2, 4)",False,parity,True,True,4,62,0.3996583131423776,-7.784400345021182,real_amplitudes,2,cobyla,160,137,ok,-0.34630562422389,-0.3417569391584392,7.438094720797292,0.0045486850654508,7.442643405862743,160.0
4.013257575757576,4q_with_parity_z2,Li 0 0 0; H 0 0 4.013257575757576,sto-3g,"(2, 4)",False,parity,True,True,4,62,0.3955718273229259,-7.784222442734044,real_amplitudes,2,cobyla,160,137,ok,-0.3509143167950288,-0.3467594134160993,7.433308125939015,0.0041549033789295,7.437463029317945,160.0
4.054292929292929,4q_with_parity_z2,Li 0 0 0; H 0 0 4.054292929292929,sto-3g,"(2, 4)",False,parity,True,True,4,62,0.3915680638884833,-7.784059866591727,real_amplitudes,2,cobyla,160,137,ok,-0.3553896619172484,-0.3495446030002665,7.428670204674479,0.0058450589169819,7.434515263591461,160.0
4.095328282828283,4q_with_parity_z2,Li 0 0 0; H 0 0 4.095328282828283,sto-3g,"(2, 4)",False,parity,True,True,4,62,0.3876445361942099,-7.783911346601239,real_amplitudes,2,cobyla,160,137,ok,-0.3597422316811686,-0.3539274014689321,7.424169114920071,0.0058148302122364,7.429983945132307,160.0
4.136363636363637,4q_with_parity_z2,Li 0 0 0; H 0 0 4.136363636363637,sto-3g,"(2, 4)",False,parity,True,True,4,62,0.3837988562716483,-7.783775714289808,real_amplitudes,2,cobyla,160,137,ok,-0.3639611069276662,-0.3589317597037449,7.419814607362142,0.0050293472239213,7.424843954586063,160.0
4.17739898989899,4q_with_parity_z2,Li 0 0 0; H 0 0 4.17739898989899,sto-3g,"(2, 4)",False,parity,True,True,4,62,0.380028729982143,-7.783651894929296,real_amplitudes,2,cobyla,160,137,ok,-0.3680511975947002,-0.3627542202025874,7.415600697334596,0.0052969773921127,7.420897674726708,160.0
4.218434343434343,4q_with_parity_z2,Li 0 0 0; H 0 0 4.218434343434343,sto-3g,"(2, 4)",False,parity,True,True,4,62,0.3763319524531338,-7.783538900296843,real_amplitudes,2,cobyla,160,137,ok,-0.3720141384397172,-0.3670812898187828,7.411524761857126,0.0049328486209343,7.41645761047806,160.0
4.259469696969697,4q_with_parity_z2,Li 0 0 0; H 0 0 4.259469696969697,sto-3g,"(2, 4)",False,parity,True,True,4,62,0.3727064037782481,-7.783435821949706,real_amplitudes,2,cobyla,160,137,ok,-0.3758522957701716,-0.3715212067062378,7.407583526179534,0.0043310890639337,7.411914615243469,160.0
4.30050505050505,4q_with_parity_z2,Li 0 0 0; H 0 0 4.30050505050505,sto-3g,"(2, 4)",False,parity,True,True,4,62,0.3691500449635702,-7.783341824989378,real_amplitudes,2,cobyla,160,137,ok,-0.3795708595489084,-0.3757886987892649,7.403770965440469,0.0037821607596434,7.4075531262001135,160.0
4.341540404040404,4q_with_parity_z2,Li 0 0 0; H 0 0 4.341540404040404,sto-3g,"(2, 4)",False,parity,True,True,4,62,0.3656609141038011,-7.783256142287684,real_amplitudes,2,cobyla,160,137,ok,-0.3831640660163744,-0.3782478800884347,7.400092076271309,0.0049161859279397,7.405008262199249,160.0
4.382575757575758,4q_with_parity_z2,Li 0 0 0; H 0 0 4.382575757575758,sto-3g,"(2, 4)",False,parity,True,True,4,62,0.3622371227732411,-7.783178069146867,real_amplitudes,2,cobyla,160,137,ok,-0.3866500331601805,-0.3826521109124254,7.3965280359866865,0.003997922247755,7.400525958234442,160.0
4.423611111111111,4q_with_parity_z2,Li 0 0 0; H 0 0 4.423611111111111,sto-3g,"(2, 4)",False,parity,True,True,4,62,0.3588768526176453,-7.783106958365946,real_amplitudes,2,cobyla,160,137,ok,-0.3900197416698505,-0.3862455078132505,7.393087216696095,0.0037742338565999,7.396861450552695,160.0
4.4646464646464645,4q_with_parity_z2,Li 0 0 0; H 0 0 4.4646464646464645,sto-3g,"(2, 4)",False,parity,True,True,4,62,0.3555783521340272,-7.7830422156853105,real_amplitudes,2,cobyla,160,137,ok,-0.3932826552606813,-0.3899173781970845,7.389759560424629,0.0033652770635967,7.393124837488226,160.0
4.505681818181818,4q_with_parity_z2,Li 0 0 0; H 0 0 4.505681818181818,sto-3g,"(2, 4)",False,parity,True,True,4,62,0.3523399336264313,-7.782983295583523,real_amplitudes,2,cobyla,160,137,ok,-0.3964436737784646,-0.3930160615704549,7.386539621805058,0.0034276122080096,7.389967234013068,160.0
4.546717171717171,4q_with_parity_z2,Li 0 0 0; H 0 0 4.546717171717171,sto-3g,"(2, 4)",False,parity,True,True,4,62,0.3491599703265537,-7.782929697400315,real_amplitudes,2,cobyla,160,137,ok,-0.399504136875086,-0.3956549028613146,7.383425560525229,0.0038492340137713,7.387274794539,160.0
4.587752525252525,4q_with_parity_z2,Li 0 0 0; H 0 0 4.587752525252525,sto-3g,"(2, 4)",False,parity,True,True,4,62,0.3460368936688923,-7.7828809617619905,real_amplitudes,2,cobyla,160,137,ok,-0.4024693019664806,-0.398818847784718,7.38041165979551,0.0036504541817625,7.384062113977272,160.0
4.628787878787879,4q_with_parity_z2,Li 0 0 0; H 0 0 4.628787878787879,sto-3g,"(2, 4)",False,parity,True,True,4,62,0.3429691907108347,-7.782836667286348,real_amplitudes,2,cobyla,160,137,ok,-0.4053429445787487,-0.4016955816055492,7.377493722707599,0.0036473629731994,7.381141085680798,160.0
4.669823232323232,4q_with_parity_z2,Li 0 0 0; H 0 0 4.669823232323232,sto-3g,"(2, 4)",False,parity,True,True,4,62,0.3399554016887712,-7.7827964275457635,real_amplitudes,2,cobyla,160,137,ok,-0.408128753383679,-0.4053584277361203,7.374667674162085,0.0027703256475587,7.3774379998096435,160.0
4.7108585858585865,4q_with_parity_z2,Li 0 0 0; H 0 0 4.7108585858585865,sto-3g,"(2, 4)",False,parity,True,True,4,62,0.3369941177019351,-7.782759888268598,real_amplitudes,2,cobyla,160,137,ok,-0.4108308755285756,-0.4078937227896757,7.371929012740022,0.0029371527388999,7.374866165478922,160.0
4.7518939393939394,4q_with_parity_z2,Li 0 0 0; H 0 0 4.7518939393939394,sto-3g,"(2, 4)",False,parity,True,True,4,62,0.3340839785162535,-7.782726724760392,real_amplitudes,2,cobyla,160,137,ok,-0.4134530787744297,-0.4105600790379444,7.369273645985962,0.0028929997364853,7.372166645722448,160.0
4.792929292929292,4q_with_parity_z2,Li 0 0 0; H 0 0 4.792929292929292,sto-3g,"(2, 4)",False,parity,True,True,5,155,0.3312236704810116,-7.78269663952769,real_amplitudes,2,cobyla,160,137,skipped_non4q,,,,,,
4.833964646464646,4q_with_parity_z2,Li 0 0 0; H 0 0 4.833964646464646,sto-3g,"(2, 4)",False,parity,True,True,4,62,0.3284119245516312,-7.782669360088617,real_amplitudes,2,cobyla,160,137,ok,-0.4278329706094881,-0.427525506049155,7.354836389479129,0.0003074645603331,7.355143854039462,160.0
4.875,4q_with_parity_z2,Li 0 0 0; H 0 0 4.875,sto-3g,"(2, 4)",False,parity,True,True,4,62,0.3256475144123076,-7.782644636955589,real_amplitudes,2,cobyla,160,137,ok,-0.4296237324853644,-0.4293435017722027,7.353020904470225,0.0002802307131617,7.353301135183386,160.0
