distance,atom,basis,active_space,active_orbitals,freeze_core,mapper,z2,use_num_particles,num_qubits,num_terms,constant_energy,ref_energy,full_fci_energy,exact_total_energy,vqe_total_energy,exact_vs_ref_abs_error,vqe_vs_exact_abs_error,vqe_vs_ref_abs_error,exact_vs_full_fci_abs_error,vqe_vs_full_fci_abs_error,active_vs_full_fci_abs_error,eval_count,ansatz_name,ansatz_reps,optimizer,optimizer_max_iter,seed,status
0.8125,Li 0 0 0; H 0 0 0.8125,sto-3g,"(2, 3)","[0, 1, 2]",True,bk,True,True,3,34,-6.49445603340245,-7.630491850421457,-7.647226476565805,-7.630491850421455,-7.63049183358418,1.7763568394002505e-15,1.6837275573777788e-08,1.6837277350134627e-08,0.016734626144350173,0.016734642981625747,0.016734626144348397,500,real_amplitudes,4,cobyla,500,137,ok
0.8535353535353536,Li 0 0 0; H 0 0 0.8535353535353536,sto-3g,"(2, 3)","[0, 1, 2]",True,bk,True,True,3,34,-6.524008404952409,-7.669551106314877,-7.686076010473031,-7.669551106314874,-7.669551033054461,3.552713678800501e-15,7.32604128472758e-08,7.326041639998948e-08,0.01652490415815766,0.016524977418570508,0.016524904158154108,500,real_amplitudes,4,cobyla,500,137,ok
0.8945707070707071,Li 0 0 0; H 0 0 0.8945707070707071,sto-3g,"(2, 3)","[0, 1, 2]",True,bk,True,True,3,34,-6.550797036930896,-7.703080431423663,-7.7193904504776745,-7.703080431423664,-7.7030798233899285,8.881784197001252e-16,6.080337353608911e-07,6.080337344727127e-07,0.016310019054010638,0.016310627087746,0.016310019054011526,500,real_amplitudes,4,cobyla,500,137,ok
0.9,Li 0 0 0; H 0 0 0.9,sto-3g,"(2, 3)","[0, 1, 2]",True,bk,True,True,3,34,-6.554159509318072,-7.707141612241451,-7.723423721034648,-7.7071416122414576,-7.7071395688712805,6.217248937900877e-15,2.0433701770627977e-06,2.0433701708455487e-06,0.016282108793190808,0.01628415216336787,0.016282108793197025,500,real_amplitudes,4,cobyla,500,137,ok
0.9356060606060606,Li 0 0 0; H 0 0 0.9356060606060606,sto-3g,"(2, 3)","[0, 1, 2]",True,bk,True,True,3,34,-6.575268278201125,-7.731795739320445,-7.747901969334818,-7.731795739320452,-7.731795700641059,7.105427357601002e-15,3.8679393021823216e-08,3.867938591639586e-08,0.016106230014366396,0.016106268693759418,0.0161062300143735,500,real_amplitudes,4,cobyla,500,137,ok
0.976641414141414,Li 0 0 0; H 0 0 0.976641414141414,sto-3g,"(2, 3)","[0, 1, 2]",True,bk,True,True,3,34,-6.597761437619952,-7.756321419919914,-7.772247767700228,-7.7563214199199075,-7.756321386878174,6.217248937900877e-15,3.3041733793481853e-08,3.304174001073079e-08,0.015926347780320427,0.01592638082205422,0.01592634778031421,500,real_amplitudes,4,cobyla,500,137,ok
1.0176767676767675,Li 0 0 0; H 0 0 1.0176767676767675,sto-3g,"(2, 3)","[0, 1, 2]",True,bk,True,True,3,34,-6.618539365285486,-7.77720045423923,-7.792980698268691,-7.777200454239227,-7.777200447133576,2.6645352591003757e-15,7.105651178562766e-09,7.105653843098025e-09,0.015780244029463653,0.01578025113511483,0.015780244029460988,435,real_amplitudes,4,cobyla,500,137,ok
1.058712121212121,Li 0 0 0; H 0 0 1.058712121212121,sto-3g,"(2, 3)","[0, 1, 2]",True,bk,True,True,3,34,-6.637810276157744,-7.794903224897627,-7.810578606105038,-7.794903224897624,-7.794903222469286,3.552713678800501e-15,2.428337531057423e-09,2.4283410837711017e-09,0.015675381207413963,0.015675383635751494,0.01567538120741041,440,real_amplitudes,4,cobyla,500,137,ok
1.0997474747474747,Li 0 0 0; H 0 0 1.0997474747474747,sto-3g,"(2, 3)","[0, 1, 2]",True,bk,True,True,3,34,-6.655743062751368,-7.809835802757896,-7.825453094228228,-7.809835802757896,-7.80983580023664,0.0,2.521256092791191e-09,2.521256092791191e-09,0.015617291470332084,0.015617293991588177,0.015617291470332084,415,real_amplitudes,4,cobyla,500,137,ok
1.1407828282828285,Li 0 0 0; H 0 0 1.1407828282828285,sto-3g,"(2, 3)","[0, 1, 2]",True,bk,True,True,3,34,-6.672477685907024,-7.822347916454935,-7.837957894419757,-7.822347916454936,-7.822347902335721,8.881784197001252e-16,1.4119214242214184e-08,1.4119213354035764e-08,0.015609977964821553,0.015609992084035795,0.015609977964822441,389,real_amplitudes,4,cobyla,500,137,ok
1.181818181818182,Li 0 0 0; H 0 0 1.181818181818182,sto-3g,"(2, 3)","[0, 1, 2]",True,bk,True,True,3,34,-6.688132260844952,-7.832740508732896,-7.848396762037794,-7.832740508732893,-7.832740507490521,2.6645352591003757e-15,1.242372427157079e-09,1.2423750916923382e-09,0.015656253304900503,0.01565625454727293,0.015656253304897838,460,real_amplitudes,4,cobyla,500,137,ok
1.2,Li 0 0 0; H 0 0 1.2,sto-3g,"(2, 3)","[0, 1, 2]",True,bk,True,True,3,34,-6.694750006683658,-7.836736441317102,-7.852430853195915,-7.836736441317093,-7.836736436187685,8.881784197001252e-15,5.129408009452163e-09,5.12941689123636e-09,0.01569441187882159,0.0156944170082296,0.01569441187881271,449,real_amplitudes,4,cobyla,500,137,ok
1.2228535353535357,Li 0 0 0; H 0 0 1.2228535353535357,sto-3g,"(2, 3)","[0, 1, 2]",True,bk,True,True,3,34,-6.702807922713714,-7.841272714794426,-7.857030738088743,-7.841272714794423,-7.841272708460976,3.552713678800501e-15,6.333446656014985e-09,6.333450208728664e-09,0.01575802329432019,0.015758029627766845,0.015758023294316637,500,real_amplitudes,4,cobyla,500,137,ok
1.2638888888888888,Li 0 0 0; H 0 0 1.2638888888888888,sto-3g,"(2, 3)","[0, 1, 2]",True,bk,True,True,3,34,-6.7165922663264706,-7.848168124173496,-7.864084648435845,-7.848168124173496,-7.848168108044561,0.0,1.6128934632320124e-08,1.6128934632320124e-08,0.015916524262348908,0.01591654039128354,0.015916524262348908,466,real_amplitudes,4,cobyla,500,137,ok
1.3049242424242424,Li 0 0 0; H 0 0 1.3049242424242424,sto-3g,"(2, 3)","[0, 1, 2]",True,bk,True,True,3,34,-6.729561876668029,-7.853620256425808,-7.8697527752837555,-7.8536202564258115,-7.853620242407982,3.552713678800501e-15,1.4017829563783835e-08,1.4017826011070156e-08,0.016132518857943978,0.016132532875773542,0.01613251885794753,368,real_amplitudes,4,cobyla,500,137,ok
1.345959595959596,Li 0 0 0; H 0 0 1.345959595959596,sto-3g,"(2, 3)","[0, 1, 2]",True,bk,True,True,3,34,-6.741784233597392,-7.8577972440097685,-7.874203702244934,-7.8577972440097685,-7.857797235042986,0.0,8.966782871766554e-09,8.966782871766554e-09,0.01640645823516529,0.01640646720194816,0.01640645823516529,500,real_amplitudes,4,cobyla,500,137,ok
1.3869949494949494,Li 0 0 0; H 0 0 1.3869949494949494,sto-3g,"(2, 3)","[0, 1, 2]",True,bk,True,True,3,34,-6.753319253784866,-7.860845780077758,-7.877584384680919,-7.860845780077755,-7.860845769743212,3.552713678800501e-15,1.0334542999146379e-08,1.0334546551860058e-08,0.01673860460316412,0.01673861493770712,0.016738604603160567,474,real_amplitudes,4,cobyla,500,137,ok
1.428030303030303,Li 0 0 0; H 0 0 1.428030303030303,sto-3g,"(2, 3)","[0, 1, 2]",True,bk,True,True,3,34,-6.76422046732038,-7.862894397193979,-7.880023527857263,-7.862894397193974,-7.862894390647305,4.440892098500626e-15,6.546668984697135e-09,6.546673425589233e-09,0.017129130663288805,0.01712913720995779,0.017129130663284364,500,real_amplitudes,4,cobyla,500,137,ok
1.4690656565656566,Li 0 0 0; H 0 0 1.4690656565656566,sto-3g,"(2, 3)","[0, 1, 2]",True,bk,True,True,3,34,-6.774535979221462,-7.864056177547427,-7.881634369202187,-7.8640561775474325,-7.864056160676391,5.329070518200751e-15,1.6871041452759528e-08,1.687103612368901e-08,0.017578191654754605,0.017578208525796057,0.017578191654759934,488,real_amplitudes,4,cobyla,500,137,ok
1.5101010101010102,Li 0 0 0; H 0 0 1.5101010101010102,sto-3g,"(2, 3)","[0, 1, 2]",True,bk,True,True,3,34,-6.784309243461942,-7.864430986119205,-7.882516962088135,-7.8644309861192045,-7.864430985159039,8.881784197001252e-16,9.601652806168204e-10,9.6016616879524e-10,0.01808597596893069,0.01808597692909597,0.0180859759689298,498,real_amplitudes,4,cobyla,500,137,ok
1.545,Li 0 0 0; H 0 0 1.545,sto-3g,"(2, 3)","[0, 1, 2]",True,bk,True,True,3,34,-6.792223915021589,-7.864196941497441,-7.882761166120973,-7.86419694149744,-7.864196915653876,8.881784197001252e-16,2.5843563733474184e-08,2.5843564621652604e-08,0.018564224623533576,0.01856425046709731,0.018564224623532688,500,real_amplitudes,4,cobyla,500,137,ok
1.5511363636363638,Li 0 0 0; H 0 0 1.5511363636363638,sto-3g,"(2, 3)","[0, 1, 2]",True,bk,True,True,3,34,-6.7935796702490485,-7.8641073109424084,-7.88276005156596,-7.864107310942405,-7.864107305402102,3.552713678800501e-15,5.540303327222773e-09,5.540306879936452e-09,0.01865274062355482,0.018652746163858147,0.018652740623551267,432,real_amplitudes,4,cobyla,500,137,ok
1.5921717171717171,Li 0 0 0; H 0 0 1.5921717171717171,sto-3g,"(2, 3)","[0, 1, 2]",True,bk,True,True,3,34,-6.802383139869347,-7.8631637908736165,-7.8824426211367955,-7.863163790873617,-7.863163724796712,8.881784197001252e-16,6.607690572479896e-08,6.607690483662054e-08,0.019278830263178115,0.01927889634008384,0.019278830263179003,500,real_amplitudes,4,cobyla,500,137,ok
1.6,Li 0 0 0; H 0 0 1.6,sto-3g,"(2, 3)","[0, 1, 2]",True,bk,True,True,3,34,-6.8040122983020455,,,-7.862919336652181,-7.862919261995343,,7.465683804497304e-08,,,,,500,real_amplitudes,4,cobyla,500,137,ok
1.6332070707070707,Li 0 0 0; H 0 0 1.6332070707070707,sto-3g,"(2, 3)","[0, 1, 2]",True,bk,True,True,3,34,-6.810752398034152,-7.8616704874768315,-7.881635176737936,-7.861670487476831,-7.861670477895521,8.881784197001252e-16,9.581309967643392e-09,9.581310855821812e-09,0.01996468926110495,0.01996469884241492,0.019964689261104063,500,real_amplitudes,4,cobyla,500,137,ok
1.6742424242424243,Li 0 0 0; H 0 0 1.6742424242424243,sto-3g,"(2, 3)","[0, 1, 2]",True,bk,True,True,3,34,-6.8187173951588615,-7.85968995689746,-7.880400821522153,-7.859689956897461,-7.859689918719078,8.881784197001252e-16,3.817838312158983e-08,3.817838223341141e-08,0.02071086462469207,0.020710902803075193,0.02071086462469296,500,real_amplitudes,4,cobyla,500,137,ok
1.7152777777777777,Li 0 0 0; H 0 0 1.7152777777777777,sto-3g,"(2, 3)","[0, 1, 2]",True,bk,True,True,3,34,-6.826305570367461,-7.857278160413644,-7.8787961637843935,-7.857278160413644,-7.857278009770816,0.0,1.5064282798959994e-07,1.5064282798959994e-07,0.021518003370749383,0.021518154013577373,0.021518003370749383,500,real_amplitudes,4,cobyla,500,137,ok
1.7563131313131313,Li 0 0 0; H 0 0 1.7563131313131313,sto-3g,"(2, 3)","[0, 1, 2]",True,bk,True,True,3,34,-6.83354209568902,-7.854485245675379,-7.876872090999209,-7.854485245675381,-7.854485234489385,1.7763568394002505e-15,1.1185996129370324e-08,1.1185994353013484e-08,0.022386845323827842,0.02238685650982397,0.02238684532382962,489,real_amplitudes,4,cobyla,500,137,ok
1.7973484848484849,Li 0 0 0; H 0 0 1.7973484848484849,sto-3g,"(2, 3)","[0, 1, 2]",True,bk,True,True,3,34,-6.840450089612117,-7.851356223383014,-7.874674435410329,-7.851356223383011,-7.851355220758217,3.552713678800501e-15,1.0026247938554889e-06,1.0026247974082025e-06,0.023318212027318097,0.023319214652111953,0.023318212027314544,500,real_amplitudes,4,cobyla,500,137,ok
1.8383838383838385,Li 0 0 0; H 0 0 1.8383838383838385,sto-3g,"(2, 3)","[0, 1, 2]",True,bk,True,True,3,34,-6.8470508063879985,-7.847931558787827,-7.872244550762449,-7.847931558787823,-7.847931481593077,3.552713678800501e-15,7.719474570677676e-08,7.719474925949044e-08,0.024312991974626108,0.024313069169371815,0.024312991974622555,500,real_amplitudes,4,cobyla,500,137,ok
1.879419191919192,Li 0 0 0; H 0 0 1.879419191919192,sto-3g,"(2, 3)","[0, 1, 2]",True,bk,True,True,3,34,-6.853363805471121,-7.84424769334227,-7.8696198152830785,-7.844247693342275,-7.844246852483505,5.329070518200751e-15,8.408587701680403e-07,8.408587648389698e-07,0.025372121940803183,0.02537296279957335,0.025372121940808512,500,real_amplitudes,4,cobyla,500,137,ok
1.9204545454545456,Li 0 0 0; H 0 0 1.9204545454545456,sto-3g,"(2, 3)","[0, 1, 2]",True,bk,True,True,3,34,-6.859407104122285,-7.840337508785047,-7.8668340725951476,-7.840337508785041,-7.84033446817051,6.217248937900877e-15,3.0406145308248256e-06,3.0406145370420745e-06,0.0264965638101069,0.026499604424637724,0.026496563810100682,500,real_amplitudes,4,cobyla,500,137,ok
1.961489898989899,Li 0 0 0; H 0 0 1.961489898989899,sto-3g,"(2, 3)","[0, 1, 2]",True,bk,True,True,3,34,-6.865197315319934,-7.836230743656007,-7.86391801959832,-7.836230743656007,-7.836228070270346,0.0,2.6733856604010953e-06,2.6733856604010953e-06,0.027687275942313683,0.027689949327974084,0.027687275942313683,500,real_amplitudes,4,cobyla,500,137,ok
2.0,Li 0 0 0; H 0 0 2.0,sto-3g,"(2, 3)","[0, 1, 2]",True,bk,True,True,3,34,-6.870414678427142,,,-7.832221960355416,-7.8322218598108995,,1.005445167123753e-07,,,,,500,real_amplitudes,4,cobyla,500,137,ok
2.0025252525252526,Li 0 0 0; H 0 0 2.0025252525252526,sto-3g,"(2, 3)","[0, 1, 2]",True,bk,True,True,3,34,-6.870749772583919,-7.831954370494837,-7.860899548286678,-7.831954370494835,-7.831954265151699,1.7763568394002505e-15,1.0534313599208645e-07,1.0534313776844328e-07,0.028945177791842802,0.028945283134978794,0.028945177791841026,500,real_amplitudes,4,cobyla,500,137,ok
2.043560606060606,Li 0 0 0; H 0 0 2.043560606060606,sto-3g,"(2, 3)","[0, 1, 2]",True,bk,True,True,3,34,-6.876078642996072,-7.827532940633097,-7.8578040468186625,-7.827532940633094,-7.827497376464144,3.552713678800501e-15,3.5564168950230624e-05,3.556416895378334e-05,0.03027110618556872,0.03030667035451895,0.030271106185565166,500,real_amplitudes,4,cobyla,500,137,ok
2.0845959595959593,Li 0 0 0; H 0 0 2.0845959595959593,sto-3g,"(2, 3)","[0, 1, 2]",True,bk,True,True,3,34,-6.881197029514324,-7.822988902441719,-7.854654663827814,-7.822988902441717,-7.822985831264235,1.7763568394002505e-15,3.0711774821057247e-06,3.0711774838820816e-06,0.03166576138609667,0.031668832563578775,0.03166576138609489,500,real_amplitudes,4,cobyla,500,137,ok
2.125631313131313,Li 0 0 0; H 0 0 2.125631313131313,sto-3g,"(2, 3)","[0, 1, 2]",True,bk,True,True,3,34,-6.886117063563991,-7.818342898072742,-7.851472538899381,-7.818342898072746,-7.818342840087811,4.440892098500626e-15,5.7984935075694466e-08,5.798493063480237e-08,0.033129640826635054,0.03312969881157013,0.033129640826639495,500,real_amplitudes,4,cobyla,500,137,ok
2.166666666666667,Li 0 0 0; H 0 0 2.166666666666667,sto-3g,"(2, 3)","[0, 1, 2]",True,bk,True,True,3,34,-6.890849988812243,-7.813614043086924,-7.848277001314829,-7.8136140430869245,-7.813613821231233,8.881784197001252e-16,2.2185569115151793e-07,2.218556902633395e-07,0.034662958227904106,0.03466318008359526,0.034662958227904994,500,real_amplitudes,4,cobyla,500,137,ok
2.2077020202020203,Li 0 0 0; H 0 0 2.2077020202020203,sto-3g,"(2, 3)","[0, 1, 2]",True,bk,True,True,3,34,-6.895406236967923,-7.808820192847241,-7.845085738576724,-7.808820192847242,-7.808817796940355,8.881784197001252e-16,2.3959068871093336e-06,2.3959068862211552e-06,0.03626554572948226,0.03626794163636937,0.03626554572948315,500,real_amplitudes,4,cobyla,500,137,ok
2.2487373737373737,Li 0 0 0; H 0 0 2.2487373737373737,sto-3g,"(2, 3)","[0, 1, 2]",True,bk,True,True,3,34,-6.899795496389234,-7.803978199144139,-7.841914935880394,-7.8039781991441455,-7.803971908051184,6.217248937900877e-15,6.291092961241418e-06,6.291092955024169e-06,0.0379367367362482,0.03794302782920944,0.03793673673625442,500,real_amplitudes,4,cobyla,500,137,ok
2.2897727272727275,Li 0 0 0; H 0 0 2.2897727272727275,sto-3g,"(2, 3)","[0, 1, 2]",True,bk,True,True,3,34,-6.904026774219983,-7.799104160148115,-7.838779387607661,-7.799104160148118,-7.799101204852717,2.6645352591003757e-15,2.955295400397518e-06,2.955295397732982e-06,0.03967522745954355,0.03967818275494395,0.039675227459546214,500,real_amplitudes,4,cobyla,500,137,ok
2.330808080808081,Li 0 0 0; H 0 0 2.330808080808081,sto-3g,"(2, 3)","[0, 1, 2]",True,bk,True,True,3,34,-6.908108452712822,-7.794213666392515,-7.835692582094624,-7.794213666392512,-7.794112457362313,2.6645352591003757e-15,0.00010120903019927852,0.00010120903020194305,0.04147891570211204,0.04158012473231132,0.041478915702109376,500,real_amplitudes,4,cobyla,500,137,ok
2.3718434343434343,Li 0 0 0; H 0 0 2.3718434343434343,sto-3g,"(2, 3)","[0, 1, 2]",True,bk,True,True,3,34,-6.912048340334567,-7.789322044969963,-7.832666761367105,-7.789322044969959,-7.78928457560784,4.440892098500626e-15,3.7469362118791594e-05,3.7469362123232486e-05,0.04334471639714632,0.04338218575926511,0.04334471639714188,500,real_amplitudes,4,cobyla,500,137,ok
2.412878787878788,Li 0 0 0; H 0 0 2.412878787878788,sto-3g,"(2, 3)","[0, 1, 2]",True,bk,True,True,3,34,-6.9158537181872575,-7.784444603340118,-7.829712958223555,-7.784444603340118,-7.7844395532791895,0.0,5.050060928546429e-06,5.050060928546429e-06,0.04526835488343739,0.045273404944365936,0.04526835488343739,500,real_amplitudes,4,cobyla,500,137,ok
2.4539141414141414,Li 0 0 0; H 0 0 2.4539141414141414,sto-3g,"(2, 3)","[0, 1, 2]",True,bk,True,True,3,34,-6.919531382220798,-7.779596872901136,-7.826841013921847,-7.779596872901135,-7.779585155965051,8.881784197001252e-16,1.1716936084482654e-05,1.1716936085370833e-05,0.047244141020711616,0.0472558579567961,0.04724414102071073,500,real_amplitudes,4,cobyla,500,137,ok
2.494949494949495,Li 0 0 0; H 0 0 2.494949494949495,sto-3g,"(2, 3)","[0, 1, 2]",True,bk,True,True,3,34,-6.92308768165926,-7.7747948505289575,-7.82405958070069,-7.77479485052896,-7.774746177034578,2.6645352591003757e-15,4.867349438253399e-05,4.867349437986945e-05,0.049264730171730164,0.0493134036661127,0.04926473017173283,500,real_amplitudes,4,cobyla,500,137,ok
2.5,Li 0 0 0; H 0 0 2.5,sto-3g,"(2, 3)","[0, 1, 2]",True,bk,True,True,3,34,-6.923517286850488,-7.774207799024612,-7.823723883467703,-7.774207799024602,-7.774147589079193,1.0658141036401503e-14,6.020994540900659e-05,6.0209945419664734e-05,0.04951608444310107,0.04957629438851008,0.04951608444309041,500,real_amplitudes,4,cobyla,500,137,ok
2.5359848484848486,Li 0 0 0; H 0 0 2.5359848484848486,sto-3g,"(2, 3)","[0, 1, 2]",True,bk,True,True,3,34,-6.926528554015254,-7.770055233357908,-7.821376114311752,-7.770055233357907,-7.769971370220293,8.881784197001252e-16,8.386313761477027e-05,8.386313761565845e-05,0.05132088095384457,0.05140474409145934,0.051320880953843684,500,real_amplitudes,4,cobyla,500,137,ok
2.577020202020202,Li 0 0 0; H 0 0 2.577020202020202,sto-3g,"(2, 3)","[0, 1, 2]",True,bk,True,True,3,34,-6.9298595570240815,-7.765395637896692,-7.818796862492197,-7.765395637896687,-7.765258507564395,4.440892098500626e-15,0.0001371303322921,0.00013713033229656446,0.05340122459550933,0.05353835492780146,0.05340122459550489,500,real_amplitudes,4,cobyla,500,137,ok
2.6180555555555554,Li 0 0 0; H 0 0 2.6180555555555554,sto-3g,"(2, 3)","[0, 1, 2]",True,bk,True,True,3,34,-6.9330858977927745,-7.760834788999961,-7.8163268557032035,-7.760834788999966,-7.760734780777873,4.440892098500626e-15,0.0001000082220929,0.00010000822208855453,0.0554920667032377,0.05559207492533069,0.05549206670324214,500,real_amplitudes,4,cobyla,500,137,ok
2.659090909090909,Li 0 0 0; H 0 0 2.659090909090909,sto-3g,"(2, 3)","[0, 1, 2]",True,bk,True,True,3,34,-6.936212459425991,-7.7563926573996795,-7.813969906352573,-7.756392657399683,-7.756026451452636,3.552713678800501e-15,0.0003662059470475043,0.0003662059470439516,0.057577248952889626,0.05794345489993713,0.05757724895289318,500,real_amplitudes,4,cobyla,500,137,ok
2.7001262626262625,Li 0 0 0; H 0 0 2.7001262626262625,sto-3g,"(2, 3)","[0, 1, 2]",True,bk,True,True,3,34,-6.939243825358977,-7.752090517094593,-7.811728622021693,-7.752090517094526,-7.752046130076914,6.661338147750939e-14,4.4387017612557145e-05,4.4387017679170526e-05,0.059638104927167035,0.05968249194477959,0.05963810492710042,500,real_amplitudes,4,cobyla,500,137,ok
2.741161616161616,Li 0 0 0; H 0 0 2.741161616161616,sto-3g,"(2, 3)","[0, 1, 2]",True,bk,True,True,3,34,-6.942184301599479,-7.747950887297637,-7.809604436932927,-7.747950887297636,-7.747914118925839,8.881784197001252e-16,3.676837179700243e-05,3.676837179789061e-05,0.06165354963529168,0.061690318007088685,0.061653549635290794,500,real_amplitudes,4,cobyla,500,137,ok
2.7821969696969697,Li 0 0 0; H 0 0 2.7821969696969697,sto-3g,"(2, 3)","[0, 1, 2]",True,bk,True,True,3,34,-6.945037935279816,-7.7439972002869535,-7.80759766413185,-7.7439972002869535,-7.743776442158645,0.0,0.0002207581283082,0.0002207581283082405,0.06360046384489682,0.06382122197320506,0.06360046384489682,500,real_amplitudes,4,cobyla,500,137,ok
2.823232323232323,Li 0 0 0; H 0 0 2.823232323232323,sto-3g,"(2, 3)","[0, 1, 2]",True,bk,True,True,3,34,-6.94780854144389,-7.740253869301308,-7.8057075688237285,-7.740253869301306,-7.739857471147236,2.6645352591003757e-15,0.000396398154069999,0.00039639815407266354,0.06545369952242286,0.06585009767649286,0.0654536995224202,500,real_amplitudes,4,cobyla,500,137,ok
2.864267676767677,Li 0 0 0; H 0 0 2.864267676767677,sto-3g,"(2, 3)","[0, 1, 2]",True,bk,True,True,3,34,-6.95049970704196,-7.73674503930909,-7.803932461258473,-7.736745039309093,-7.735842686384397,2.6645352591003757e-15,0.0009023529246956485,0.000902352924692984,0.06718742194937999,0.06808977487407564,0.06718742194938265,500,real_amplitudes,4,cobyla,500,137,ok
2.9053030303030303,Li 0 0 0; H 0 0 2.9053030303030303,sto-3g,"(2, 3)","[0, 1, 2]",True,bk,True,True,3,34,-6.953114815654042,-7.733494497611856,-7.802269805774867,-7.73349449761186,-7.732853032083247,3.552713678800501e-15,0.0006414655286128834,0.0006414655286093307,0.06877530816300759,0.06941677369162047,0.06877530816301114,500,real_amplitudes,4,cobyla,500,137,ok
2.946338383838384,Li 0 0 0; H 0 0 2.946338383838384,sto-3g,"(2, 3)","[0, 1, 2]",True,bk,True,True,3,34,-6.95565705995976,-7.730523713959222,-7.800716341311761,-7.730523713959185,-7.729995322408552,3.730349362740526e-14,0.0005283915506328,0.0005283915506701931,0.0701926273525757,0.07072101890320859,0.0701926273525384,500,real_amplitudes,4,cobyla,500,137,ok
2.9873737373737375,Li 0 0 0; H 0 0 2.9873737373737375,sto-3g,"(2, 3)","[0, 1, 2]",True,bk,True,True,3,34,-6.9581294552921475,-7.727852216173367,-7.799268208001307,-7.727852216173324,-7.726743189841333,4.263256414560601e-14,0.0011090263319912808,0.0011090263320339133,0.0714159918279833,0.07252501815997459,0.07141599182794067,500,real_amplitudes,4,cobyla,500,137,ok
3.0,Li 0 0 0; H 0 0 3.0,sto-3g,"(2, 3)","[0, 1, 2]",True,bk,True,True,3,34,-6.95887658503657,,,-7.727092992961078,-7.725632407983049,,0.0014605849780284,,,,,500,real_amplitudes,4,cobyla,500,137,ok
3.028409090909091,Li 0 0 0; H 0 0 3.028409090909091,sto-3g,"(2, 3)","[0, 1, 2]",True,bk,True,True,3,34,-6.9605348509115865,-7.725495895626521,-7.797921074393394,-7.725495895626519,-7.72419830489682,1.7763568394002505e-15,0.0012975907296990385,0.001297590729700815,0.07242517876687504,0.07372276949657408,0.07242517876687327,500,real_amplitudes,4,cobyla,500,137,ok
3.0694444444444446,Li 0 0 0; H 0 0 3.0694444444444446,sto-3g,"(2, 3)","[0, 1, 2]",True,bk,True,True,3,34,-6.962875941644106,-7.723466523216182,-7.796670260341339,-7.723466523216178,-7.718808724574084,3.552713678800501e-15,0.004657798642093702,0.004657798642097255,0.07320373712516126,0.07786153576725496,0.07320373712515771,500,real_amplitudes,4,cobyla,500,137,ok
3.110479797979798,Li 0 0 0; H 0 0 3.110479797979798,sto-3g,"(2, 3)","[0, 1, 2]",True,bk,True,True,3,34,-6.9651552782282256,-7.72177134083719,-7.795510851456871,-7.721771340837186,-7.719015998350619,3.552713678800501e-15,0.0027553424865676,0.002755342486571166,0.07373951061968498,0.07649485310625259,0.07373951061968143,500,real_amplitudes,4,cobyla,500,137,ok
3.1515151515151514,Li 0 0 0; H 0 0 3.1515151515151514,sto-3g,"(2, 3)","[0, 1, 2]",True,bk,True,True,3,34,-6.967375276858767,-7.720412950472416,-7.794437802137767,-7.720412950472413,-7.717766492869035,2.6645352591003757e-15,0.0026464576033786713,0.002646457603381336,0.07402485166535389,0.07667130926873256,0.07402485166535122,500,real_amplitudes,4,cobyla,500,137,ok
3.192550505050505,Li 0 0 0; H 0 0 3.192550505050505,sto-3g,"(2, 3)","[0, 1, 2]",True,bk,True,True,3,34,-6.969538227997128,-7.719389470603776,-7.793446025316629,-7.719389470603813,-7.716877812671448,3.730349362740526e-14,0.0025116579323656296,0.002511657932328326,0.0740565547128158,0.07656821264518143,0.0740565547128531,500,real_amplitudes,4,cobyla,500,137,ok
3.2335858585858586,Li 0 0 0; H 0 0 3.2335858585858586,sto-3g,"(2, 3)","[0, 1, 2]",True,bk,True,True,3,34,-6.971646304511055,-7.718694888510791,-7.792530468138406,-7.71869488851079,-7.716528294358343,8.881784197001252e-16,0.002166594152447132,0.0021665941524480203,0.073835579627616,0.07600217378006313,0.07383557962761511,500,real_amplitudes,4,cobyla,500,137,ok
3.274621212121212,Li 0 0 0; H 0 0 3.274621212121212,sto-3g,"(2, 3)","[0, 1, 2]",True,bk,True,True,3,34,-6.973701569200555,-7.71831952179558,-7.791686173659663,-7.718319521795547,-7.716250248621129,3.2862601528904634e-14,0.00206927317441874,0.0020692731744516024,0.07336665186411562,0.07543592503853436,0.07336665186408275,500,real_amplitudes,4,cobyla,500,137,ok
3.3156565656565657,Li 0 0 0; H 0 0 3.3156565656565657,sto-3g,"(2, 3)","[0, 1, 2]",True,bk,True,True,3,34,-6.975705981760719,-7.718250511733194,-7.790908329333093,-7.718250511733171,-7.71675591163602,2.3092638912203256e-14,0.0014946000971507,0.0014946000971738371,0.0726578175999224,0.07415241769707315,0.07265781759989931,500,real_amplitudes,4,cobyla,500,137,ok
3.356691919191919,Li 0 0 0; H 0 0 3.356691919191919,sto-3g,"(2, 3)","[0, 1, 2]",True,bk,True,True,3,34,-6.97766140522762,-7.71847229569687,-7.790192303492759,-7.718472295696866,-7.7176055578512415,3.552713678800501e-15,0.0008667378456248542,0.0008667378456284069,0.07172000779589283,0.07258674564151768,0.07172000779588927,500,real_amplitudes,4,cobyla,500,137,ok
3.397727272727273,Li 0 0 0; H 0 0 3.397727272727273,sto-3g,"(2, 3)","[0, 1, 2]",True,bk,True,True,3,34,-6.979569611949674,-7.718967034566979,-7.789533671310928,-7.718967034566977,-7.71860374303577,1.7763568394002505e-15,0.0003632915312072882,0.00036329153120906454,0.07056663674395125,0.07092992827515854,0.07056663674394947,500,real_amplitudes,4,cobyla,500,137,ok
3.4387626262626263,Li 0 0 0; H 0 0 3.4387626262626263,sto-3g,"(2, 3)","[0, 1, 2]",True,bk,True,True,3,34,-6.981432289123422,-7.7201463114120985,-7.788928231793799,-7.720146311412096,-7.719892289318198,2.6645352591003757e-15,0.00025402209389824293,0.00025402209390090746,0.06878192038170283,0.06903594247560108,0.06878192038170017,500,real_amplitudes,4,cobyla,500,137,ok
3.4797979797979797,Li 0 0 0; H 0 0 3.4797979797979797,sto-3g,"(2, 3)","[0, 1, 2]",True,bk,True,True,3,34,-6.983251043929819,-7.722221439061011,-7.788372017360368,-7.72222143906101,-7.721377954445264,8.881784197001252e-16,0.0008434846157463,0.0008434846157472364,0.06615057829935811,0.06699406291510446,0.06615057829935722,500,real_amplitudes,4,cobyla,500,137,ok
3.5208333333333335,Li 0 0 0; H 0 0 3.5208333333333335,sto-3g,"(2, 3)","[0, 1, 2]",True,bk,True,True,3,34,-6.985027408304574,-7.724362227793742,-7.787861297446182,-7.724362227793739,-7.723033581251962,3.552713678800501e-15,0.001328646541776557,0.0013286465417801097,0.06349906965244312,0.06482771619421968,0.06349906965243957,500,real_amplitudes,4,cobyla,500,137,ok
3.561868686868687,Li 0 0 0; H 0 0 3.561868686868687,sto-3g,"(2, 3)","[0, 1, 2]",True,bk,True,True,3,34,-6.9867628433735565,-7.72655296050309,-7.787392577423608,-7.726552960503091,-7.724691042610507,8.881784197001252e-16,0.001861917892584053,0.0018619178925831648,0.06083961692051698,0.06270153481310103,0.06083961692051787,500,real_amplitudes,4,cobyla,500,137,ok
3.6029040404040407,Li 0 0 0; H 0 0 3.6029040404040407,sto-3g,"(2, 3)","[0, 1, 2]",True,bk,True,True,3,34,-6.988458743581784,-7.728778024252869,-7.7869625939587035,-7.728778024252875,-7.72687597007655,6.217248937900877e-15,0.001902054176325052,0.0019020541763188348,0.05818456970582808,0.060086623882153134,0.0581845697058343,500,real_amplitudes,4,cobyla,500,137,ok
3.643939393939394,Li 0 0 0; H 0 0 3.643939393939394,sto-3g,"(2, 3)","[0, 1, 2]",True,bk,True,True,3,34,-6.99011644054052,-7.731022295103539,-7.786568307749272,-7.731022295103528,-7.728396571656787,1.1546319456101628e-14,0.0026257234467408,0.0026257234467523816,0.05554601264574455,0.05817173609248538,0.055546012645733,500,real_amplitudes,4,cobyla,500,137,ok
3.6849747474747474,Li 0 0 0; H 0 0 3.6849747474747474,sto-3g,"(2, 3)","[0, 1, 2]",True,bk,True,True,3,34,-6.991737206611062,-7.733271563096104,-7.786206894422901,-7.733271563096141,-7.730692789940123,3.6415315207705135e-14,0.002578773156017178,0.0025787731559807625,0.052935331326760426,0.055514104482777604,0.05293533132679684,500,real_amplitudes,4,cobyla,500,137,ok
3.726010101010101,Li 0 0 0; H 0 0 3.726010101010101,sto-3g,"(2, 3)","[0, 1, 2]",True,bk,True,True,3,34,-6.9933222554268015,-7.73550653042496,-7.785875734221956,-7.73550653036607,-7.732442981974796,5.88897819397971e-11,0.0030635483912737627,0.0030635484501635446,0.050369203855885836,0.0534327522471596,0.050369203796996054,500,real_amplitudes,4,cobyla,500,137,ok
3.7670454545454546,Li 0 0 0; H 0 0 3.7670454545454546,sto-3g,"(2, 3)","[0, 1, 2]",True,bk,True,True,3,34,-6.994872754258519,-7.737722307438311,-7.785572400971371,-7.737722307717712,-7.735024477386488,2.79401390912426e-10,0.0026978303312246155,0.0026978300518232246,0.04785009325365852,0.050547923584883137,0.04785009353305991,500,real_amplitudes,4,cobyla,500,137,ok
3.808080808080808,Li 0 0 0; H 0 0 3.808080808080808,sto-3g,"(2, 3)","[0, 1, 2]",True,bk,True,True,3,34,-6.996389814633997,-7.739903909821758,-7.785294650712626,-7.739903908049403,-7.737304687042652,1.7723555956195014e-09,0.002599221006750696,0.0025992227791062916,0.04539074266322363,0.04798996366997432,0.04539074089086803,500,real_amplitudes,4,cobyla,500,137,ok
3.8491161616161618,Li 0 0 0; H 0 0 3.8491161616161618,sto-3g,"(2, 3)","[0, 1, 2]",True,bk,True,True,3,34,-6.997874502691166,-7.742041811070254,-7.785040410293908,-7.742041812928022,-7.7394421672101075,1.8577681615283836e-09,0.0025996457179147,0.00259964386014655,0.042998597365885516,0.04559824308380023,0.04299859922365368,500,real_amplitudes,4,cobyla,500,137,ok
3.890151515151515,Li 0 0 0; H 0 0 3.890151515151515,sto-3g,"(2, 3)","[0, 1, 2]",True,bk,True,True,3,34,-6.999327840883665,-7.744132287465658,-7.784807766131311,-7.7441322874656535,-7.741376784720519,4.440892098500626e-15,0.002755502745134919,0.00275550274513936,0.04067547866565757,0.04343098141079249,0.04067547866565313,500,real_amplitudes,4,cobyla,500,137,ok
3.931186868686869,Li 0 0 0; H 0 0 3.931186868686869,sto-3g,"(2, 3)","[0, 1, 2]",True,bk,True,True,3,34,-7.000750803465203,-7.746150168901197,-7.7845949532942464,-7.746150168892941,-7.743159338948498,8.256506589532364e-12,0.0029908299444425523,0.002990829952699059,0.03844478440130583,0.041435614345748384,0.038444784393049325,500,real_amplitudes,4,cobyla,500,137,ok
3.9722222222222223,Li 0 0 0; H 0 0 3.9722222222222223,sto-3g,"(2, 3)","[0, 1, 2]",True,bk,True,True,3,34,-7.0021443336319384,-7.748108270970286,-7.784400345021182,-7.748108270986251,-7.7454715731801835,1.596500709410975e-11,0.0026366978060679003,0.002636697790102893,0.03629207403493062,0.03892877184099852,0.03629207405089563,500,real_amplitudes,4,cobyla,500,137,ok
4.013257575757576,Li 0 0 0; H 0 0 4.013257575757576,sto-3g,"(2, 3)","[0, 1, 2]",True,bk,True,True,3,34,-7.003509330086698,-7.749995474103722,-7.784222442734046,-7.749995474103722,-7.747308777798489,0.0,0.0026866963052327,0.002686696305232772,0.03422696863032382,0.03691366493555659,0.03422696863032382,500,real_amplitudes,4,cobyla,500,137,ok
4.054292929292929,Li 0 0 0; H 0 0 4.054292929292929,sto-3g,"(2, 3)","[0, 1, 2]",True,bk,True,True,3,34,-7.004846656147333,-7.751804382544183,-7.784059866591729,-7.751804381953064,-7.749296939769343,5.91119153625641e-10,0.002507442183720343,0.0025074427748394967,0.032255484638665344,0.03476292682238569,0.03225548404754619,500,real_amplitudes,4,cobyla,500,137,ok
4.095328282828283,Li 0 0 0; H 0 0 4.095328282828283,sto-3g,"(2, 3)","[0, 1, 2]",True,bk,True,True,3,34,-7.006157143750845,-7.753543911625805,-7.783911346601237,-7.753543911625207,-7.75121950018077,5.977440764581843e-13,0.002324411444436514,0.002324411445034258,0.03036743497603034,0.03269184642046685,0.030367434975432595,500,real_amplitudes,4,cobyla,500,137,ok
4.136363636363637,Li 0 0 0; H 0 0 4.136363636363637,sto-3g,"(2, 3)","[0, 1, 2]",True,bk,True,True,3,34,-7.007441587587607,-7.7552015507861265,-7.783775714289806,-7.75520155078602,-7.753026550839342,1.0658141036401503e-13,0.0021749999466775805,0.002174999946784162,0.028574163503786387,0.030749163450463968,0.028574163503679806,500,real_amplitudes,4,cobyla,500,137,ok
4.17739898989899,Li 0 0 0; H 0 0 4.17739898989899,sto-3g,"(2, 3)","[0, 1, 2]",True,bk,True,True,3,34,-7.008700754365863,-7.756780681675179,-7.783651894929301,-7.7567806817921,-7.754393903377908,1.1692069534774419e-10,0.0023867784141922,0.002386778297271519,0.02687121313720109,0.029257991551393303,0.026871213254121784,500,real_amplitudes,4,cobyla,500,137,ok
4.218434343434343,Li 0 0 0; H 0 0 4.218434343434343,sto-3g,"(2, 3)","[0, 1, 2]",True,bk,True,True,3,34,-7.009935380253316,-7.758281471141943,-7.783538900296836,-7.758281471137509,-7.755882762765915,4.434674849562725e-12,0.0023987083715937274,0.0023987083760284023,0.025257429159327494,0.02765613753092122,0.02525742915489282,500,real_amplitudes,4,cobyla,500,137,ok
4.259469696969697,Li 0 0 0; H 0 0 4.259469696969697,sto-3g,"(2, 3)","[0, 1, 2]",True,bk,True,True,3,34,-7.011146173417756,-7.759704871481933,-7.783435821949705,-7.759704872923034,-7.757534101902452,1.4411005722081427e-09,0.0021707710205811637,0.0021707695794805915,0.023730949026671055,0.02590172004725222,0.023730950467771628,500,real_amplitudes,4,cobyla,500,137,ok
4.30050505050505,Li 0 0 0; H 0 0 4.30050505050505,sto-3g,"(2, 3)","[0, 1, 2]",True,bk,True,True,3,34,-7.012333814504959,-7.761054718957385,-7.7833418249893835,-7.761054719363743,-7.759210738217282,4.063585024027816e-10,0.0018439811464610045,0.0018439807401025021,0.02228710562564018,0.024131086772101185,0.022287106031998682,500,real_amplitudes,4,cobyla,500,137,ok
4.341540404040404,Li 0 0 0; H 0 0 4.341540404040404,sto-3g,"(2, 3)","[0, 1, 2]",True,bk,True,True,3,34,-7.013498961396829,-7.762323941465084,-7.783256142287678,-7.762323941618776,-7.760536757810006,1.5369217010174907e-10,0.0017871838087701875,0.0017871836550780174,0.020932200668902112,0.0227193844776723,0.020932200822594282,500,real_amplitudes,4,cobyla,500,137,ok
4.382575757575758,Li 0 0 0; H 0 0 4.382575757575758,sto-3g,"(2, 3)","[0, 1, 2]",True,bk,True,True,3,34,-7.014642242263699,-7.763529398214183,-7.783178069146873,-7.76352939812271,-7.761654200069154,9.14726072664962e-11,0.0018751980535558,0.001875198145028456,0.019648671024162567,0.021523869077718416,0.01964867093268996,500,real_amplitudes,4,cobyla,500,137,ok
4.423611111111111,Li 0 0 0; H 0 0 4.423611111111111,sto-3g,"(2, 3)","[0, 1, 2]",True,bk,True,True,3,34,-7.015764267750534,-7.7646608458796775,-7.7831069583659405,-7.7646608509770125,-7.762492960165304,5.097334998538372e-09,0.0021678908117088724,0.002167885714373874,0.018446107388927935,0.020613998200636807,0.018446112486262933,500,real_amplitudes,4,cobyla,500,137,ok
4.4646464646464645,Li 0 0 0; H 0 0 4.4646464646464645,sto-3g,"(2, 3)","[0, 1, 2]",True,bk,True,True,3,34,-7.016865623119814,-7.765726630292174,-7.783042215685312,-7.765726630049601,-7.763691226811029,2.425730727395603e-10,0.0020354032385716536,0.0020354034811447264,0.01731558563571145,0.019350988874283104,0.017315585393138377,500,real_amplitudes,4,cobyla,500,137,ok
4.5,Li 0 0 0; H 0 0 4.5,sto-3g,"(2, 3)","[0, 1, 2]",True,bk,True,True,3,34,-7.017798339436883,-7.766595374894192,-7.7829911254439805,-7.7665953750233125,-7.7648691996834796,1.291207141207451e-10,0.0017261753398329915,0.0017261752107122774,0.016395750420667987,0.01812192576050098,0.0163957505497887,500,real_amplitudes,4,cobyla,500,137,ok
4.505681818181818,Li 0 0 0; H 0 0 4.505681818181818,sto-3g,"(2, 3)","[0, 1, 2]",True,bk,True,True,3,34,-7.0179468719327796,-7.766730478693872,-7.7829832955835245,-7.766730479117811,-7.765064089551019,4.239391060423259e-10,0.0016663895667923,0.0016663891428532196,0.016252816465713416,0.01791920603250574,0.01625281688965252,500,real_amplitudes,4,cobyla,500,137,ok
4.546717171717171,Li 0 0 0; H 0 0 4.546717171717171,sto-3g,"(2, 3)","[0, 1, 2]",True,bk,True,True,3,34,-7.019008558708508,-7.767672669013744,-7.78292969740032,-7.7676726664137385,-7.766024048278476,2.600005544195483e-09,0.001648618135262403,0.0016486207352679472,0.015257030986581377,0.01690564912184378,0.015257028386575833,500,real_amplitudes,4,cobyla,500,137,ok
4.587752525252525,Li 0 0 0; H 0 0 4.587752525252525,sto-3g,"(2, 3)","[0, 1, 2]",True,bk,True,True,3,34,-7.020051209802952,-7.768557405436529,-7.782880961761992,-7.768557405438028,-7.766933712272089,1.4992451724538114e-12,0.001623693165939244,0.0016236931644399988,0.01432355632396387,0.015947249489903115,0.014323556325463116,500,real_amplitudes,4,cobyla,500,137,ok
4.628787878787879,Li 0 0 0; H 0 0 4.628787878787879,sto-3g,"(2, 3)","[0, 1, 2]",True,bk,True,True,3,34,-7.02107533111982,-7.769387466408459,-7.782836667286351,-7.769387466347535,-7.767828457240371,6.092371052091039e-11,0.001559009107164222,0.0015590091680879326,0.013449200938816297,0.015008210045980519,0.013449200877892586,500,real_amplitudes,4,cobyla,500,137,ok
4.669823232323232,Li 0 0 0; H 0 0 4.669823232323232,sto-3g,"(2, 3)","[0, 1, 2]",True,bk,True,True,3,34,-7.022081411721692,-7.770165566794219,-7.782796427545767,-7.770165566794816,-7.7686799732788785,5.968558980384842e-13,0.0014855935159374,0.0014855935153406108,0.0126308607509511,0.014116454266888567,0.012630860751547957,500,real_amplitudes,4,cobyla,500,137,ok
4.7108585858585865,Li 0 0 0; H 0 0 4.7108585858585865,sto-3g,"(2, 3)","[0, 1, 2]",True,bk,True,True,3,34,-7.023069923138536,-7.770894916369253,-7.7827598882685995,-7.770894916369765,-7.769497559979039,5.124789481669723e-13,0.0013973563907265785,0.0013973563902140995,0.011864971898834398,0.013262328289560976,0.011864971899346877,500,real_amplitudes,4,cobyla,500,137,ok
4.7518939393939394,Li 0 0 0; H 0 0 4.7518939393939394,sto-3g,"(2, 3)","[0, 1, 2]",True,bk,True,True,3,34,-7.024041321631707,-7.771578378918173,-7.78272672476039,-7.771578378922423,-7.770265387886841,4.249933738265099e-12,0.001312991035582023,0.0013129910313320892,0.011148345837966644,0.012461336873548667,0.011148345842216578,500,real_amplitudes,4,cobyla,500,137,ok
4.792929292929292,Li 0 0 0; H 0 0 4.792929292929292,sto-3g,"(2, 3)","[0, 1, 2]",True,bk,True,True,4,100,-7.02498138322603,-7.782366391271074,-7.7826966395276935,-7.782366391271065,-7.781286052665001,8.881784197001252e-15,0.0010803386060640463,0.001080338606072928,0.0003302482566285292,0.0014105868626925755,0.0003302482566196474,500,real_amplitudes,4,cobyla,500,137,ok
4.833964646464646,Li 0 0 0; H 0 0 4.833964646464646,sto-3g,"(2, 3)","[0, 1, 2]",True,bk,True,True,3,34,-7.025960049475586,-7.782204391866257,-7.782669360088619,-7.782204391855101,-7.782068697117617,1.1155520951433573e-11,0.00013569473748464844,0.0001356947486401694,0.00046496823351738215,0.0006006629710020306,0.0004649682223618612,500,real_amplitudes,4,cobyla,500,137,ok
4.875,Li 0 0 0; H 0 0 4.875,sto-3g,"(2, 3)","[0, 1, 2]",True,bk,True,True,3,34,-7.026881187208485,-7.782151959836616,-7.782644636955591,-7.782151959835267,-7.782044898775896,1.3491430195244902e-12,0.0001070610593707,0.00010706106071989296,0.0004926771203237479,0.0005997381796944978,0.0004926771189746049,500,real_amplitudes,4,cobyla,500,137,ok
