molecule,run_label,noise_source,backend_name,shots,basis,distance,mapper,ansatz,reps,optimizer,max_iter,seed,active_space,active_orbitals,freeze_core,energy,reference_energy,reference_method,fci_energy,abs_error_hartree,abs_error_kcal_mol,within_chemical_accuracy,vqe_raw_energy,eval_count,success,error,num_qubits,num_terms,constant_energy,setup_hamiltonian_s,vqe_execution_s,total_experiment_s
LiH,statevector,,,,sto-3g,1.0,jw,real_amplitudes,1,cobyla,100,137,"[2, 3]","[0, 1, 2]",True,-7.7167903931871935,-7.76862176803279,CASCI,-7.76862176803279,0.0518313748455963,32.52465419798529,False,-1.1070056220496534,100,True,,6,62,-6.60978477113754,0.41009169300377835,1.335685251004179,1.7546410569921136
LiH,statevector,,,,sto-3g,1.0,jw,real_amplitudes,1,slsqp,100,137,"[2, 3]","[0, 1, 2]",True,-7.7673615186527165,-7.76862176803279,CASCI,-7.76862176803279,0.0012602493800732972,0.7908178282404147,True,-1.1575767475151664,602,True,,6,62,-6.609784771137551,3.911385779007105,6.704951360996347,10.619851996001671
LiH,statevector,,,,sto-3g,1.0,jw,real_amplitudes,1,spsa,100,137,"[2, 3]","[0, 1, 2]",True,-7.686700758663679,-7.76862176803279,CASCI,-7.76862176803279,0.08192100936911118,51.40617066820158,False,-1.0769159875261387,200,True,,6,62,-6.60978477113754,0.42110198800219223,2.338373929000227,2.7617831230018055
LiH,statevector,,,,sto-3g,1.0,jw,real_amplitudes,2,cobyla,100,137,"[2, 3]","[0, 1, 2]",True,-7.723918457252747,-7.76862176803279,CASCI,-7.76862176803279,0.04470331078004275,28.051729844273847,False,-1.1141336861152022,100,True,,6,62,-6.609784771137545,0.46197810300509445,1.4554725289926864,1.9214113250054652
LiH,statevector,,,,sto-3g,1.0,jw,real_amplitudes,2,slsqp,100,137,"[2, 3]","[0, 1, 2]",True,-7.767361436466887,-7.76862176803279,CASCI,-7.76862176803279,0.0012603315659029946,0.7908694005882222,True,-1.1575766653293453,741,True,,6,62,-6.609784771137542,0.44374420000531245,8.774888312997064,9.22136025200598
LiH,statevector,,,,sto-3g,1.0,jw,real_amplitudes,2,spsa,100,137,"[2, 3]","[0, 1, 2]",True,-7.638713023645434,-7.76862176803279,CASCI,-7.76862176803279,0.12990874438735567,81.51890628176517,False,-1.0289282525078889,200,True,,6,62,-6.609784771137545,0.37355661499896087,2.7138169079989893,3.089772710998659
LiH,statevector,,,,sto-3g,1.0,jw,efficient_su2,1,cobyla,100,137,"[2, 3]","[0, 1, 2]",True,-7.60957738516396,-7.76862176803279,CASCI,-7.76862176803279,0.15904438286882971,99.80178164963647,False,-0.9997926140264111,100,True,,6,62,-6.609784771137549,0.4458084229991073,1.659233969010529,2.1097757739917142
LiH,statevector,,,,sto-3g,1.0,jw,efficient_su2,1,slsqp,100,137,"[2, 3]","[0, 1, 2]",True,-7.767359458913544,-7.76862176803279,CASCI,-7.76862176803279,0.0012623091192454083,0.7921103331085669,True,-1.157574687776005,700,True,,6,62,-6.60978477113754,0.39542585000162944,9.394857431994751,9.79339613999764
LiH,statevector,,,,sto-3g,1.0,jw,efficient_su2,1,spsa,100,137,"[2, 3]","[0, 1, 2]",True,-7.715716866200598,-7.76862176803279,CASCI,-7.76862176803279,0.052904901832191875,33.198302043816895,False,-1.1059320950630576,200,True,,6,62,-6.60978477113754,0.41059502901043743,2.7801148849976016,3.1934100670041516
LiH,statevector,,,,sto-3g,1.0,jw,efficient_su2,2,cobyla,100,137,"[2, 3]","[0, 1, 2]",True,-7.593839025702637,-7.76862176803279,CASCI,-7.76862176803279,0.17478274233015245,109.67774385685163,False,-0.9840542545650939,100,True,,6,62,-6.6097847711375435,0.3386781729932409,1.785850145999575,2.1289025970036164
LiH,statevector,,,,sto-3g,1.0,jw,efficient_su2,2,slsqp,100,137,"[2, 3]","[0, 1, 2]",True,-7.768519473885622,-7.76862176803279,CASCI,-7.76862176803279,0.00010229414716800278,0.06419049799524626,True,-1.1587347027480717,2406,True,,6,62,-6.609784771137551,0.40193547699891496,35.56332281199866,35.96876663499279
LiH,statevector,,,,sto-3g,1.0,jw,efficient_su2,2,spsa,100,137,"[2, 3]","[0, 1, 2]",True,-7.702313037198429,-7.76862176803279,CASCI,-7.76862176803279,0.0663087308343604,41.60932537713866,False,-1.0925282660608768,200,True,,6,62,-6.609784771137552,0.5484667669952614,2.8090469799935818,3.362626004993217
LiH,statevector,,,,sto-3g,1.2,jw,real_amplitudes,1,cobyla,100,137,"[2, 3]","[0, 1, 2]",True,-7.827864938506503,-7.836736441317111,CASCI,-7.836736441317111,0.008871502810608334,5.566947857182025,False,-1.133114931822827,100,True,,6,62,-6.694750006683676,0.5340955760038923,1.3590556179988198,1.8953086680121487
LiH,statevector,,,,sto-3g,1.2,jw,real_amplitudes,1,slsqp,100,137,"[2, 3]","[0, 1, 2]",True,-7.835615581380559,-7.836736441317111,CASCI,-7.836736441317111,0.0011208599365524208,0.703349697926073,True,-1.1408655746968903,812,True,,6,62,-6.694750006683669,0.3104050910042133,8.701491835992783,9.01409077300923
LiH,statevector,,,,sto-3g,1.2,jw,real_amplitudes,1,spsa,100,137,"[2, 3]","[0, 1, 2]",True,-7.761718397654953,-7.836736441317111,CASCI,-7.836736441317111,0.07501804366215836,47.07449756039733,False,-1.0669683909712837,200,True,,6,62,-6.694750006683669,0.5278568420035299,2.0974786519946065,2.6274765739944996
LiH,statevector,,,,sto-3g,1.2,jw,real_amplitudes,2,cobyla,100,137,"[2, 3]","[0, 1, 2]",True,-7.803127894189307,-7.836736441317111,CASCI,-7.836736441317111,0.03360854712780359,21.089665799620903,False,-1.10837788750564,100,True,,6,62,-6.694750006683667,0.42750029799935874,1.3464440239913529,1.7769348120054929
LiH,statevector,,,,sto-3g,1.2,jw,real_amplitudes,2,slsqp,100,137,"[2, 3]","[0, 1, 2]",True,-7.835615026473857,-7.836736441317111,CASCI,-7.836736441317111,0.0011214148432543425,0.7036979068756892,True,-1.1408650197901826,722,True,,6,62,-6.694750006683674,0.4049194770050235,8.15371280501131,8.560899977994268
LiH,statevector,,,,sto-3g,1.2,jw,real_amplitudes,2,spsa,100,137,"[2, 3]","[0, 1, 2]",True,-7.642264177968865,-7.836736441317111,CASCI,-7.836736441317111,0.19447226334824563,122.03309550139427,False,-0.9475141712851964,200,True,,6,62,-6.694750006683669,0.43733797999448143,2.2589225620031357,2.698617832007585
LiH,statevector,,,,sto-3g,1.2,jw,efficient_su2,1,cobyla,100,137,"[2, 3]","[0, 1, 2]",True,-7.684068258942236,-7.836736441317111,CASCI,-7.836736441317111,0.15266818237487456,95.80065845387516,False,-0.9893182522585643,100,True,,6,62,-6.694750006683672,0.39147249500092585,1.4168467720010085,1.8113615089969244
LiH,statevector,,,,sto-3g,1.2,jw,efficient_su2,1,slsqp,100,137,"[2, 3]","[0, 1, 2]",True,-7.8356153837703975,-7.836736441317111,CASCI,-7.836736441317111,0.0011210575467135442,0.7034737000806695,True,-1.1408653770867248,775,True,,6,62,-6.694750006683672,0.3651051060005557,9.688339102009195,10.056134755999665
LiH,statevector,,,,sto-3g,1.2,jw,efficient_su2,1,spsa,100,137,"[2, 3]","[0, 1, 2]",True,-7.820470833789415,-7.836736441317111,CASCI,-7.836736441317111,0.016265607527696346,10.206815114097207,False,-1.125720827105746,200,True,,6,62,-6.694750006683669,0.39719447899551596,2.538328801005264,2.9399346979917027
LiH,statevector,,,,sto-3g,1.2,jw,efficient_su2,2,cobyla,100,137,"[2, 3]","[0, 1, 2]",True,-7.6729244628943185,-7.836736441317111,CASCI,-7.836736441317111,0.1638119784227925,102.7934907681081,False,-0.9781744562106502,100,True,,6,62,-6.694750006683669,0.381327337003313,1.549062453006627,1.934768063001684
LiH,statevector,,,,sto-3g,1.2,jw,efficient_su2,2,slsqp,100,137,"[2, 3]","[0, 1, 2]",True,-7.83661434871621,-7.836736441317111,CASCI,-7.836736441317111,0.00012209260090134677,0.07661420589900321,True,-1.1418643420325374,2369,True,,6,62,-6.694750006683672,0.4021432139998069,32.504747187995235,32.91022718399472
LiH,statevector,,,,sto-3g,1.2,jw,efficient_su2,2,spsa,100,137,"[2, 3]","[0, 1, 2]",True,-7.823351978251445,-7.836736441317111,CASCI,-7.836736441317111,0.013384463065666097,8.398871033873068,False,-1.1286019715677686,200,True,,6,62,-6.694750006683676,0.43684918798680883,2.6645402860012837,3.1068279839964816
LiH,statevector,,,,sto-3g,1.4,jw,real_amplitudes,1,cobyla,100,137,"[2, 3]","[0, 1, 2]",True,-7.850238695926022,-7.861597607226823,CASCI,-7.861597607226823,0.011358911300801466,7.127819071454628,False,-1.0933983782017802,100,True,,6,62,-6.756840317724242,0.33572909100621473,1.2504932820011163,1.5892965810053283
LiH,statevector,,,,sto-3g,1.4,jw,real_amplitudes,1,slsqp,100,137,"[2, 3]","[0, 1, 2]",True,-7.860538369809942,-7.861597607226823,CASCI,-7.861597607226823,0.001059237416881409,0.664681012229836,True,-1.1036980520857018,748,True,,6,62,-6.75684031772424,0.3425172839924926,7.665998637006851,8.010528426995734
LiH,statevector,,,,sto-3g,1.4,jw,real_amplitudes,1,spsa,100,137,"[2, 3]","[0, 1, 2]",True,-7.641103506794164,-7.861597607226823,CASCI,-7.861597607226823,0.22049410043265905,138.36203246839744,False,-0.8842631890699246,200,True,,6,62,-6.756840317724239,0.35114811699895654,1.9964838760060957,2.3500791389960796
LiH,statevector,,,,sto-3g,1.4,jw,real_amplitudes,2,cobyla,100,137,"[2, 3]","[0, 1, 2]",True,-7.812683211713173,-7.861597607226823,CASCI,-7.861597607226823,0.04891439551365018,30.69422341437511,False,-1.055842893988936,100,True,,6,62,-6.7568403177242375,0.382519509003032,1.4913027910079109,1.8760302669979865
LiH,statevector,,,,sto-3g,1.4,jw,real_amplitudes,2,slsqp,100,137,"[2, 3]","[0, 1, 2]",True,-7.860538120289783,-7.861597607226823,CASCI,-7.861597607226823,0.0010594869370406101,0.6648375883754163,True,-1.1036978025655435,723,True,,6,62,-6.756840317724239,0.3626436070044292,8.502055502001895,8.869253810000373
LiH,statevector,,,,sto-3g,1.4,jw,real_amplitudes,2,spsa,100,137,"[2, 3]","[0, 1, 2]",True,-7.845897606416099,-7.861597607226823,CASCI,-7.861597607226823,0.015700000810724646,9.851891808737012,False,-1.08905728869186,200,True,,6,62,-6.756840317724238,0.3726489030086668,2.2523777639871696,2.6271364249987528
LiH,statevector,,,,sto-3g,1.4,jw,efficient_su2,1,cobyla,100,137,"[2, 3]","[0, 1, 2]",True,-7.699015449427574,-7.861597607226823,CASCI,-7.861597607226823,0.16258215779924878,102.0217672584488,False,-0.942175131703336,100,True,,6,62,-6.756840317724238,0.3589085610001348,1.8294547910045367,2.1913612549979007
LiH,statevector,,,,sto-3g,1.4,jw,efficient_su2,1,slsqp,100,137,"[2, 3]","[0, 1, 2]",True,-7.860538204259086,-7.861597607226823,CASCI,-7.861597607226823,0.0010594029677370997,0.6647848968817397,True,-1.1036978865348461,801,True,,6,62,-6.75684031772424,0.33040637300291564,9.792732902991702,10.126495082993642
LiH,statevector,,,,sto-3g,1.4,jw,efficient_su2,1,spsa,100,137,"[2, 3]","[0, 1, 2]",True,-7.760087973335697,-7.861597607226823,CASCI,-7.861597607226823,0.10150963389112633,63.698208853386795,False,-1.0032476556114587,200,True,,6,62,-6.756840317724238,0.3513302229985129,2.337391676992411,2.6916886500112014
LiH,statevector,,,,sto-3g,1.4,jw,efficient_su2,2,cobyla,100,137,"[2, 3]","[0, 1, 2]",True,-7.713828867174439,-7.861597607226823,CASCI,-7.861597607226823,0.14776874005238394,92.7262143015314,False,-0.9569885494502006,100,True,,6,62,-6.756840317724238,0.4615985070122406,1.8653653989895247,2.3307608629984315
LiH,statevector,,,,sto-3g,1.4,jw,efficient_su2,2,slsqp,100,137,"[2, 3]","[0, 1, 2]",True,-7.861438132037131,-7.861597607226823,CASCI,-7.861597607226823,0.00015947518969205987,0.1000721168084748,True,-1.104597814312889,2443,True,,6,62,-6.756840317724242,0.7033050030004233,34.28525266799261,34.9929802359984
LiH,statevector,,,,sto-3g,1.4,jw,efficient_su2,2,spsa,100,137,"[2, 3]","[0, 1, 2]",True,-7.690569301600949,-7.861597607226823,CASCI,-7.861597607226823,0.17102830562587457,107.32180103498692,False,-0.9337289838767113,200,True,,6,62,-6.7568403177242375,0.3928062350023538,2.714978729010909,3.111194245997467
LiH,statevector,,,,sto-3g,1.5949,jw,real_amplitudes,1,cobyla,100,137,"[2, 3]","[0, 1, 2]",True,-7.847503595411808,-7.86308084024789,CASCI,-7.86308084024789,0.015577244836081583,9.774861329844718,False,-1.0445508855727375,100,True,,6,62,-6.8029527098390705,0.44042857000022195,1.3369656599970767,1.7797179449989926
LiH,statevector,,,,sto-3g,1.5949,jw,real_amplitudes,1,slsqp,100,137,"[2, 3]","[0, 1, 2]",True,-7.862026704321128,-7.86308084024789,CASCI,-7.86308084024789,0.0010541359267621786,0.6614797812666079,True,-1.05907399448206,694,True,,6,62,-6.802952709839068,0.46881336301157717,7.9225616219919175,8.393814579991158
LiH,statevector,,,,sto-3g,1.5949,jw,real_amplitudes,1,spsa,100,137,"[2, 3]","[0, 1, 2]",True,-7.715695395383052,-7.86308084024789,CASCI,-7.86308084024789,0.14738544486483818,92.48569312168974,False,-0.9127426855439805,200,True,,6,62,-6.802952709839071,0.35197841199988034,1.8297426990029635,2.18366297299508
LiH,statevector,,,,sto-3g,1.5949,jw,real_amplitudes,2,cobyla,100,137,"[2, 3]","[0, 1, 2]",True,-7.80870075096945,-7.86308084024789,CASCI,-7.86308084024789,0.05438008927843985,34.12399544302451,False,-1.005748041130381,100,True,,6,62,-6.80295270983907,0.4012770190020092,1.282927035994362,1.6864279069995973
LiH,statevector,,,,sto-3g,1.5949,jw,real_amplitudes,2,slsqp,100,137,"[2, 3]","[0, 1, 2]",True,-7.8620240747174694,-7.86308084024789,CASCI,-7.86308084024789,0.0010567655304205559,0.6631298812286726,True,-1.0590713648784025,742,True,,6,62,-6.802952709839067,0.2901817010133527,7.849033912003506,8.141182677994948
LiH,statevector,,,,sto-3g,1.5949,jw,real_amplitudes,2,spsa,100,137,"[2, 3]","[0, 1, 2]",True,-7.7153234828740365,-7.86308084024789,CASCI,-7.86308084024789,0.14775735737385354,92.71907156830946,False,-0.9123707730349679,200,True,,6,62,-6.802952709839069,0.43059890100266784,2.2519782449962804,2.684957684003166
LiH,statevector,,,,sto-3g,1.5949,jw,efficient_su2,1,cobyla,100,137,"[2, 3]","[0, 1, 2]",True,-7.712535399139476,-7.86308084024789,CASCI,-7.86308084024789,0.15054544110841395,94.46861920449973,False,-0.9095826893004053,100,True,,6,62,-6.8029527098390705,0.4181814969924744,1.4130933080014074,1.834030284997425
LiH,statevector,,,,sto-3g,1.5949,jw,efficient_su2,1,slsqp,100,137,"[2, 3]","[0, 1, 2]",True,-7.862025991226935,-7.86308084024789,CASCI,-7.86308084024789,0.0010548490209547623,0.661927254290302,True,-1.0590732813878636,751,True,,6,62,-6.802952709839071,0.4012125029985327,9.701766390993726,10.105743887994322
LiH,statevector,,,,sto-3g,1.5949,jw,efficient_su2,1,spsa,100,137,"[2, 3]","[0, 1, 2]",True,-7.804776394746314,-7.86308084024789,CASCI,-7.86308084024789,0.05830444550157576,36.586564292248305,False,-1.0018236849072466,200,True,,6,62,-6.802952709839068,0.49593183099932503,2.4074446680024266,2.906086086994037
LiH,statevector,,,,sto-3g,1.5949,jw,efficient_su2,2,cobyla,100,137,"[2, 3]","[0, 1, 2]",True,-7.717836013119735,-7.86308084024789,CASCI,-7.86308084024789,0.14524482712815523,91.14243622636157,False,-0.914883303280663,100,True,,6,62,-6.802952709839071,0.33372930900077336,1.396549873999902,1.7330614859965863
LiH,statevector,,,,sto-3g,1.5949,jw,efficient_su2,2,slsqp,100,137,"[2, 3]","[0, 1, 2]",True,-7.862853374506276,-7.86308084024789,CASCI,-7.86308084024789,0.0002274657416139192,0.14273680005440884,True,-1.0599006646672062,2443,True,,6,62,-6.80295270983907,0.3476773709990084,33.40260373099591,33.75313672800257
LiH,statevector,,,,sto-3g,1.5949,jw,efficient_su2,2,spsa,100,137,"[2, 3]","[0, 1, 2]",True,-7.850967901366991,-7.86308084024789,CASCI,-7.86308084024789,0.012112938880899371,7.6009781642142835,False,-1.0480151915279243,200,True,,6,62,-6.802952709839066,0.46951063300366513,2.962422220996814,3.4368234949943144
LiH,statevector,,,,sto-3g,1.8,jw,real_amplitudes,1,cobyla,100,137,"[2, 3]","[0, 1, 2]",True,-7.836365914934443,-7.851143461071097,CASCI,-7.851143461071097,0.014777546136654607,9.273043198665995,False,-0.9954802497288274,100,True,,6,62,-6.840885665205615,0.40330417499353644,1.189209721997031,1.594658039000933
LiH,statevector,,,,sto-3g,1.8,jw,real_amplitudes,1,slsqp,100,137,"[2, 3]","[0, 1, 2]",True,-7.850016044439496,-7.851143461071097,CASCI,-7.851143461071097,0.001127416631601541,0.7074640830796515,True,-1.0091303792338793,626,True,,6,62,-6.840885665205616,0.3665295149985468,6.6497580200084485,7.018313677996048
LiH,statevector,,,,sto-3g,1.8,jw,real_amplitudes,1,spsa,100,137,"[2, 3]","[0, 1, 2]",True,-7.715726272934169,-7.851143461071097,CASCI,-7.851143461071097,0.1354171881369286,84.97550431061593,False,-0.8748406077285548,200,True,,6,62,-6.840885665205614,0.4794001860136632,2.096137833999819,2.577606206992641
LiH,statevector,,,,sto-3g,1.8,jw,real_amplitudes,2,cobyla,100,137,"[2, 3]","[0, 1, 2]",True,-7.816638517719296,-7.851143461071097,CASCI,-7.851143461071097,0.03450494335180121,21.652162497745426,False,-0.9757528525136826,100,True,,6,62,-6.840885665205613,0.3873474209976848,1.4528168940014439,1.8424136690009618
LiH,statevector,,,,sto-3g,1.8,jw,real_amplitudes,2,slsqp,100,137,"[2, 3]","[0, 1, 2]",True,-7.849982445166264,-7.851143461071097,CASCI,-7.851143461071097,0.00116101590483364,0.7285479294262526,True,-1.009096779960649,590,True,,6,62,-6.840885665205615,0.4201797909918241,6.830769881999004,7.255075134991785
LiH,statevector,,,,sto-3g,1.8,jw,real_amplitudes,2,spsa,100,137,"[2, 3]","[0, 1, 2]",True,-7.842632543189944,-7.851143461071097,CASCI,-7.851143461071097,0.008510917881153546,5.3406775686847805,False,-1.0017468779843302,200,True,,6,62,-6.840885665205613,0.3799526880029589,2.319066851006937,2.7013781249988824
LiH,statevector,,,,sto-3g,1.8,jw,efficient_su2,1,cobyla,100,137,"[2, 3]","[0, 1, 2]",True,-7.713237561885507,-7.851143461071097,CASCI,-7.851143461071097,0.13790589918558993,86.53719289205036,False,-0.872351896679892,100,True,,6,62,-6.840885665205615,0.488423791990499,1.3152278380002826,1.807499332993757
LiH,statevector,,,,sto-3g,1.8,jw,efficient_su2,1,slsqp,100,137,"[2, 3]","[0, 1, 2]",True,-7.850017444924548,-7.851143461071097,CASCI,-7.851143461071097,0.0011260161465491692,0.7065852661049226,True,-1.0091317797189316,800,True,,6,62,-6.840885665205616,0.39219389599747956,9.33259437700326,9.727407238999149
LiH,statevector,,,,sto-3g,1.8,jw,efficient_su2,1,spsa,100,137,"[2, 3]","[0, 1, 2]",True,-7.810287209639633,-7.851143461071097,CASCI,-7.851143461071097,0.040856251431463875,25.637665479506467,False,-0.9694015444340216,200,True,,6,62,-6.840885665205612,0.31262504500045907,2.282465766998939,2.597903119996772
LiH,statevector,,,,sto-3g,1.8,jw,efficient_su2,2,cobyla,100,137,"[2, 3]","[0, 1, 2]",True,-7.705820778663557,-7.851143461071097,CASCI,-7.851143461071097,0.14532268240754043,91.1912911148733,False,-0.8649351134579393,100,True,,6,62,-6.840885665205618,0.4445093859976623,1.5397003950056387,1.9876261559984414
LiH,statevector,,,,sto-3g,1.8,jw,efficient_su2,2,slsqp,100,137,"[2, 3]","[0, 1, 2]",True,-7.850789703992042,-7.851143461071097,CASCI,-7.851143461071097,0.0003537570790550504,0.22198575092075562,True,-1.0099040387864247,2480,True,,6,62,-6.840885665205618,0.36835561000043526,38.03409127199848,38.40540255299129
LiH,statevector,,,,sto-3g,1.8,jw,efficient_su2,2,spsa,100,137,"[2, 3]","[0, 1, 2]",True,-7.802297599480971,-7.851143461071097,CASCI,-7.851143461071097,0.04884586159012638,30.651217760558616,False,-0.9614119342753534,200,True,,6,62,-6.840885665205618,0.4273599730076967,2.799565444991458,3.231813979000435
LiH,statevector,,,,sto-3g,2.1,jw,real_amplitudes,1,cobyla,100,137,"[2, 3]","[0, 1, 2]",True,-7.812771016034435,-7.821255760001567,CASCI,-7.821255760001567,0.008484743967132502,5.3242532020713496,False,-0.9297044503627444,100,True,,6,62,-6.88306656567169,0.326241492992267,1.273127938999096,1.6018030819977866
LiH,statevector,,,,sto-3g,2.1,jw,real_amplitudes,1,slsqp,100,137,"[2, 3]","[0, 1, 2]",True,-7.819770223938544,-7.821255760001567,CASCI,-7.821255760001567,0.0014855360630230408,0.9321872493715253,True,-0.936703658266856,691,True,,6,62,-6.8830665656716885,0.4222644949913956,6.959801992998109,7.384480905995588
LiH,statevector,,,,sto-3g,2.1,jw,real_amplitudes,1,spsa,100,137,"[2, 3]","[0, 1, 2]",True,-7.654612882668667,-7.821255760001567,CASCI,-7.821255760001567,0.16664287733290006,104.56990531229079,False,-0.771546316996977,200,True,,6,62,-6.88306656567169,0.363913112989394,1.8747081190085737,2.2406381809996674
LiH,statevector,,,,sto-3g,2.1,jw,real_amplitudes,2,cobyla,100,137,"[2, 3]","[0, 1, 2]",True,-7.767529106000557,-7.821255760001567,CASCI,-7.821255760001567,0.053726654001009955,33.713958925519755,False,-0.8844625403288693,100,True,,6,62,-6.8830665656716885,0.3568696889997227,1.3167645979992812,1.6757987640012288
LiH,statevector,,,,sto-3g,2.1,jw,real_amplitudes,2,slsqp,100,137,"[2, 3]","[0, 1, 2]",True,-7.81972406894426,-7.821255760001567,CASCI,-7.821255760001567,0.0015316910573073272,0.9611499236798636,True,-0.9366575032725749,570,True,,6,62,-6.883066565671685,0.3884570810041623,6.488429556993651,6.879540617999737
LiH,statevector,,,,sto-3g,2.1,jw,real_amplitudes,2,spsa,100,137,"[2, 3]","[0, 1, 2]",True,-7.7539744767132746,-7.821255760001567,CASCI,-7.821255760001567,0.06728128328829275,42.2196107949533,False,-0.870907911041582,200,True,,6,62,-6.883066565671692,0.9578582320100395,2.336016066998127,3.2967221579892794
LiH,statevector,,,,sto-3g,2.1,jw,efficient_su2,1,cobyla,100,137,"[2, 3]","[0, 1, 2]",True,-7.691764630381672,-7.821255760001567,CASCI,-7.821255760001567,0.12949112961989506,81.25684925665074,False,-0.8086980647099844,100,True,,6,62,-6.883066565671688,1.1294092740135966,1.368921891989885,2.5025678590027383
LiH,statevector,,,,sto-3g,2.1,jw,efficient_su2,1,slsqp,100,137,"[2, 3]","[0, 1, 2]",True,-7.819768826283541,-7.821255760001567,CASCI,-7.821255760001567,0.0014869337180263287,0.9330642904649835,True,-0.9367022606118541,876,True,,6,62,-6.883066565671687,0.35845059699204285,10.7260751890135,11.087571053998545
LiH,statevector,,,,sto-3g,2.1,jw,efficient_su2,1,spsa,100,137,"[2, 3]","[0, 1, 2]",True,-7.749137534013882,-7.821255760001567,CASCI,-7.821255760001567,0.07211822598768514,45.25483587130631,False,-0.8660709683421953,200,True,,6,62,-6.883066565671687,0.39134613898932,2.5768951719946926,2.9739424899889855
LiH,statevector,,,,sto-3g,2.1,jw,efficient_su2,2,cobyla,100,137,"[2, 3]","[0, 1, 2]",True,-7.701243472432043,-7.821255760001567,CASCI,-7.821255760001567,0.12001228756952464,75.30879056046484,False,-0.818176906760357,100,True,,6,62,-6.883066565671686,0.4086592189996736,1.6476573730033124,2.059739611999248
LiH,statevector,,,,sto-3g,2.1,jw,efficient_su2,2,slsqp,100,137,"[2, 3]","[0, 1, 2]",True,-7.820495046715897,-7.821255760001567,CASCI,-7.821255760001567,0.0007607132856701782,0.47735443317760784,True,-0.9374284810442056,2516,True,,6,62,-6.883066565671691,0.3747339679975994,36.71977270100615,37.09767002100125
LiH,statevector,,,,sto-3g,2.1,jw,efficient_su2,2,spsa,100,137,"[2, 3]","[0, 1, 2]",True,-7.6724022611507365,-7.821255760001567,CASCI,-7.821255760001567,0.14885349885083077,93.40691021038597,False,-0.7893356954790496,200,True,,6,62,-6.883066565671687,0.42767994600581005,2.6762137100013206,3.1085991300060414
LiH,statevector,,,,sto-3g,2.4,jw,real_amplitudes,1,cobyla,100,137,"[2, 3]","[0, 1, 2]",True,-7.782521637422973,-7.785972909967919,CASCI,-7.785972909967919,0.003451272544945816,2.165704583406404,False,-0.8678481598138738,100,True,,6,62,-6.9146734776090995,0.35998261799977627,1.251142092005466,1.6132275529962499
LiH,statevector,,,,sto-3g,2.4,jw,real_amplitudes,1,slsqp,100,137,"[2, 3]","[0, 1, 2]",True,-7.783380921317835,-7.785972909967919,CASCI,-7.785972909967919,0.0025919886500842537,1.62649620582572,False,-0.8687074437087368,628,True,,6,62,-6.914673477609098,0.41414746099326294,6.537396611995064,6.953669648995856
LiH,statevector,,,,sto-3g,2.4,jw,real_amplitudes,1,spsa,100,137,"[2, 3]","[0, 1, 2]",True,-7.6754796773812375,-7.785972909967919,CASCI,-7.785972909967919,0.11049323258668142,69.33549788723587,False,-0.7608061997721399,200,True,,6,62,-6.914673477609098,0.41148373900796287,2.0856293749966426,2.499277573006111
LiH,statevector,,,,sto-3g,2.4,jw,real_amplitudes,2,cobyla,100,137,"[2, 3]","[0, 1, 2]",True,-7.75219041328995,-7.785972909967919,CASCI,-7.785972909967919,0.03378249667796851,21.198820707895344,False,-0.8375169356808487,100,True,,6,62,-6.914673477609101,0.39985373899980914,1.402638019004371,1.8048671929864213
LiH,statevector,,,,sto-3g,2.4,jw,real_amplitudes,2,slsqp,100,137,"[2, 3]","[0, 1, 2]",True,-7.783381876252759,-7.785972909967919,CASCI,-7.785972909967919,0.002591033715160229,1.6258969755664803,False,-0.868708398643663,836,True,,6,62,-6.914673477609096,0.4224735129973851,9.501090272999136,9.926142397001968
LiH,statevector,,,,sto-3g,2.4,jw,real_amplitudes,2,spsa,100,137,"[2, 3]","[0, 1, 2]",True,-7.775818372592396,-7.785972909967919,CASCI,-7.785972909967919,0.010154537375522743,6.372063593976901,False,-0.8611448949832968,200,True,,6,62,-6.9146734776090995,0.4211382719950052,2.1630044219928095,2.586578381000436
LiH,statevector,,,,sto-3g,2.4,jw,efficient_su2,1,cobyla,100,137,"[2, 3]","[0, 1, 2]",True,-7.669116438954318,-7.785972909967919,CASCI,-7.785972909967919,0.11685647101360086,73.32848726927367,False,-0.7544429613452183,100,True,,6,62,-6.9146734776090995,0.3968985760002397,1.3656378710002173,1.765232214005664
LiH,statevector,,,,sto-3g,2.4,jw,efficient_su2,1,slsqp,100,137,"[2, 3]","[0, 1, 2]",True,-7.783381306550361,-7.785972909967919,CASCI,-7.785972909967919,0.0025916034175574865,1.626254468948081,False,-0.8687078289412653,1102,True,,6,62,-6.914673477609096,0.3967696969921235,13.712180390008143,14.111816068994813
LiH,statevector,,,,sto-3g,2.4,jw,efficient_su2,1,spsa,100,137,"[2, 3]","[0, 1, 2]",True,-7.710360672625978,-7.785972909967919,CASCI,-7.785972909967919,0.07561223734194122,47.447359442204196,False,-0.7956871950168787,200,True,,6,62,-6.9146734776090995,0.35909667699888814,2.1778969610022614,2.540676620003069
LiH,statevector,,,,sto-3g,2.4,jw,efficient_su2,2,cobyla,100,137,"[2, 3]","[0, 1, 2]",True,-7.611960525787573,-7.785972909967919,CASCI,-7.785972909967919,0.1740123841803456,109.19433718462449,False,-0.6972870481784775,100,True,,6,62,-6.914673477609096,0.38293320599768776,1.5197840600012569,1.9080605909985024
LiH,statevector,,,,sto-3g,2.4,jw,efficient_su2,2,slsqp,100,137,"[2, 3]","[0, 1, 2]",True,-7.784108363981746,-7.785972909967919,CASCI,-7.785972909967919,0.0018645459861730274,1.1700193872374502,False,-0.8694348863726478,2665,True,,6,62,-6.914673477609098,0.4451405380095821,37.76190080700326,38.21066502601025
LiH,statevector,,,,sto-3g,2.4,jw,efficient_su2,2,spsa,100,137,"[2, 3]","[0, 1, 2]",True,-7.71135275856727,-7.785972909967919,CASCI,-7.785972909967919,0.07462015140064882,46.82481658526974,False,-0.7966792809581742,200,True,,6,62,-6.914673477609096,0.35984776499390136,2.6924190360005014,3.055489411999588
LiH,statevector,,,,sto-3g,2.8,jw,real_amplitudes,1,cobyla,100,137,"[2, 3]","[0, 1, 2]",True,-7.728192406186263,-7.742345918853201,CASCI,-7.742345918853201,0.014153512666937651,8.881456580117378,False,-0.7819424726115389,100,True,,6,62,-6.946249933574724,0.387049819008098,1.330705182001111,1.7202241470076842
LiH,statevector,,,,sto-3g,2.8,jw,real_amplitudes,1,slsqp,100,137,"[2, 3]","[0, 1, 2]",True,-7.683175425519841,-7.742345918853201,CASCI,-7.742345918853201,0.059170493333359886,37.13001710112333,False,-0.7369254919451173,455,True,,6,62,-6.946249933574724,0.36495141600607894,4.63182360099745,4.999796336996951
LiH,statevector,,,,sto-3g,2.8,jw,real_amplitudes,1,spsa,100,137,"[2, 3]","[0, 1, 2]",True,-7.726952924089454,-7.742345918853201,CASCI,-7.742345918853201,0.015392994763747225,9.659242751204259,False,-0.7807029905147334,200,True,,6,62,-6.9462499335747205,0.3821921369963093,2.094880867007305,2.4792789019993506
LiH,statevector,,,,sto-3g,2.8,jw,real_amplitudes,2,cobyla,100,137,"[2, 3]","[0, 1, 2]",True,-7.710778277549684,-7.742345918853201,CASCI,-7.742345918853201,0.03156764130351686,19.80897902672856,False,-0.7645283439749615,100,True,,6,62,-6.946249933574722,0.4004849509947235,1.4374249300017254,1.8412046689918498
LiH,statevector,,,,sto-3g,2.8,jw,real_amplitudes,2,slsqp,100,137,"[2, 3]","[0, 1, 2]",True,-7.73400017857326,-7.742345918853201,CASCI,-7.742345918853201,0.008345740279940728,5.2370271373253265,False,-0.7877502449985345,704,True,,6,62,-6.946249933574726,0.4307296399929328,7.732881785996142,8.16611268199631
LiH,statevector,,,,sto-3g,2.8,jw,real_amplitudes,2,spsa,100,137,"[2, 3]","[0, 1, 2]",True,-7.711650798508102,-7.742345918853201,CASCI,-7.742345918853201,0.030695120345098914,19.261464272632676,False,-0.7654008649333798,200,True,,6,62,-6.946249933574722,0.4405883959989296,2.1419160810037283,2.5848464729933767
LiH,statevector,,,,sto-3g,2.8,jw,efficient_su2,1,cobyla,100,137,"[2, 3]","[0, 1, 2]",True,-7.645863133042232,-7.742345918853201,CASCI,-7.742345918853201,0.09648278581096914,60.543816441455434,False,-0.6996131994675109,100,True,,6,62,-6.9462499335747205,0.41958994598826393,1.410966979994555,1.8345712589944014
LiH,statevector,,,,sto-3g,2.8,jw,efficient_su2,1,slsqp,100,137,"[2, 3]","[0, 1, 2]",True,-7.733990810905723,-7.742345918853201,CASCI,-7.742345918853201,0.008355107947477514,5.242905433013667,False,-0.7877408773310031,1276,True,,6,62,-6.9462499335747205,0.3537586629972793,16.30228799500037,16.658899098998518
LiH,statevector,,,,sto-3g,2.8,jw,efficient_su2,1,spsa,100,137,"[2, 3]","[0, 1, 2]",True,-7.66962516762779,-7.742345918853201,CASCI,-7.742345918853201,0.0727207512254111,45.6329258807065,False,-0.7233752340530696,200,True,,6,62,-6.9462499335747205,0.3192215599992778,2.319953134006937,2.642940659992746
LiH,statevector,,,,sto-3g,2.8,jw,efficient_su2,2,cobyla,100,137,"[2, 3]","[0, 1, 2]",True,-7.6142235940952725,-7.742345918853201,CASCI,-7.742345918853201,0.1281223247579284,80.39791188652289,False,-0.6679736605205485,100,True,,6,62,-6.946249933574724,0.34482303699769545,1.4232632299972465,1.7712508019903908
LiH,statevector,,,,sto-3g,2.8,jw,efficient_su2,2,slsqp,100,137,"[2, 3]","[0, 1, 2]",True,-7.735519390397985,-7.742345918853201,CASCI,-7.742345918853201,0.006826528455215808,4.283708044404016,False,-0.7892694568232644,3479,True,,6,62,-6.9462499335747205,0.35610245499992743,49.915122062011505,50.27405395000824
LiH,statevector,,,,sto-3g,2.8,jw,efficient_su2,2,spsa,100,137,"[2, 3]","[0, 1, 2]",True,-7.700074944152801,-7.742345918853201,CASCI,-7.742345918853201,0.042270974700399755,26.52541706327315,False,-0.753825010578081,200,True,,6,62,-6.9462499335747205,0.36012065000250004,2.728039399997215,3.091173731998424
LiH,statevector,,,,sto-3g,3.2,jw,real_amplitudes,1,cobyla,100,137,"[2, 3]","[0, 1, 2]",True,-7.71409379570087,-7.7192391803996,CASCI,-7.7192391803996,0.005145384698730382,3.2287752069156035,False,-0.7441688558172813,100,True,,6,62,-6.9699249398835885,0.3989654790057102,1.28401703601412,1.685011014007614
LiH,statevector,,,,sto-3g,3.2,jw,real_amplitudes,1,slsqp,100,137,"[2, 3]","[0, 1, 2]",True,-7.669972976604185,-7.7192391803996,CASCI,-7.7192391803996,0.049266203795415464,30.914986277457363,False,-0.7000480367205958,468,True,,6,62,-6.9699249398835885,0.4577699920046143,4.8084272959968075,5.268556893002824
LiH,statevector,,,,sto-3g,3.2,jw,real_amplitudes,1,spsa,100,137,"[2, 3]","[0, 1, 2]",True,-7.659985218442013,-7.7192391803996,CASCI,-7.7192391803996,0.059253961957587364,37.18239441404369,False,-0.6900602785584276,200,True,,6,62,-6.969924939883585,0.41408519400283694,2.0628700099914568,2.4797711690043798
LiH,statevector,,,,sto-3g,3.2,jw,real_amplitudes,2,cobyla,100,137,"[2, 3]","[0, 1, 2]",True,-7.650422649169796,-7.7192391803996,CASCI,-7.7192391803996,0.06881653122980413,43.182992695483165,False,-0.680497709286213,100,True,,6,62,-6.969924939883583,0.36259906900522765,1.4200575079885311,1.7847825609933352
LiH,statevector,,,,sto-3g,3.2,jw,real_amplitudes,2,slsqp,100,137,"[2, 3]","[0, 1, 2]",True,-7.689444235360441,-7.7192391803996,CASCI,-7.7192391803996,0.029794945039158804,18.696596166577503,False,-0.7195192954768561,819,True,,6,62,-6.969924939883585,0.406452879004064,9.365803312000935,9.774604562990135
LiH,statevector,,,,sto-3g,3.2,jw,real_amplitudes,2,spsa,100,137,"[2, 3]","[0, 1, 2]",True,-7.670731034740914,-7.7192391803996,CASCI,-7.7192391803996,0.048508145658686,30.43929797413639,False,-0.7008060948573294,200,True,,6,62,-6.969924939883585,0.458141732000513,2.5212584740074817,2.982043078998686
LiH,statevector,,,,sto-3g,3.2,jw,efficient_su2,1,cobyla,100,137,"[2, 3]","[0, 1, 2]",True,-7.621316259153742,-7.7192391803996,CASCI,-7.7192391803996,0.09792292124585789,61.447514388067034,False,-0.6513913192701568,100,True,,6,62,-6.969924939883585,0.3903768579912139,1.4889363370020874,1.882132257000194
LiH,statevector,,,,sto-3g,3.2,jw,efficient_su2,1,slsqp,100,137,"[2, 3]","[0, 1, 2]",True,-7.710122070473989,-7.7192391803996,CASCI,-7.7192391803996,0.009117109925611544,5.721068532310574,False,-0.7401971305904052,1251,True,,6,62,-6.969924939883583,0.39935884400620125,15.988019765005447,16.39137095901242
LiH,statevector,,,,sto-3g,3.2,jw,efficient_su2,1,spsa,100,137,"[2, 3]","[0, 1, 2]",True,-7.702869511071571,-7.7192391803996,CASCI,-7.7192391803996,0.016369669328029524,10.27211483036248,False,-0.7329445711879816,200,True,,6,62,-6.9699249398835885,0.42581673500535544,2.4392590440111235,2.8676647129905177
LiH,statevector,,,,sto-3g,3.2,jw,efficient_su2,2,cobyla,100,137,"[2, 3]","[0, 1, 2]",True,-7.583071202583035,-7.7192391803996,CASCI,-7.7192391803996,0.13616797781656498,85.44663159169488,False,-0.6131462626994484,100,True,,6,62,-6.969924939883587,0.35218904599605594,1.6415829149918864,1.9972860350098927
LiH,statevector,,,,sto-3g,3.2,jw,efficient_su2,2,slsqp,100,137,"[2, 3]","[0, 1, 2]",True,-7.7149509366975835,-7.7192391803996,CASCI,-7.7192391803996,0.004288243702016636,2.6909115172087574,False,-0.745025996814,1518,True,,6,62,-6.969924939883583,0.4478251620021183,20.802797873009695,21.253676429012557
LiH,statevector,,,,sto-3g,3.2,jw,efficient_su2,2,spsa,100,137,"[2, 3]","[0, 1, 2]",True,-7.638865382768196,-7.7192391803996,CASCI,-7.7192391803996,0.08037379763140429,50.43528137788488,False,-0.6689404428846093,200,True,,6,62,-6.969924939883587,0.3639355350023834,2.7545749849959975,3.1214883670036215
