max_iter,system,distance,repeat,mode,eval_count,guide_cost,total_cost,energy,exact_total,abs_error_vs_fci,robust_amp,robust_guided_used
25,BeH2,0.5,0,default,25,0,25.0,-13.558078350189326,-13.667143209581795,0.10906485939246835,0.0,
25,BeH2,0.5,0,guided_fourier_robust,25,9,34.0,-13.572230634055792,-13.667143209581795,0.09491257552600274,0.42182292450771913,True
25,BeH2,0.5,1,default,25,0,25.0,-13.595308725417574,-13.667143209581795,0.07183448416422067,0.0,
25,BeH2,0.5,1,guided_fourier_robust,25,9,34.0,-13.564676637181602,-13.667143209581795,0.10246657240019275,0.19839069322417888,True
25,BeH2,0.5,2,default,25,0,25.0,-13.281926579450529,-13.667143209581795,0.38521663013126606,0.0,
25,BeH2,0.5,2,guided_fourier_robust,25,9,34.0,-13.454484265209327,-13.667143209581795,0.21265894437246757,0.6474088029790702,True
25,BeH2,0.6538461538461539,0,default,25,0,25.0,-14.51777812833107,-14.661808505536182,0.14403037720511236,0.0,
25,BeH2,0.6538461538461539,0,guided_fourier_robust,25,9,34.0,-14.551027994192209,-14.661808505536182,0.11078051134397349,0.41857295261603616,True
25,BeH2,0.6538461538461539,1,default,25,0,25.0,-14.562310959300001,-14.661808505536182,0.09949754623618112,0.0,
25,BeH2,0.6538461538461539,1,guided_fourier_robust,25,9,34.0,-14.54469346682447,-14.661808505536182,0.11711503871171303,0.21692617595481653,True
25,BeH2,0.6538461538461539,2,default,25,0,25.0,-14.122467006661223,-14.661808505536182,0.5393414988749594,0.0,
25,BeH2,0.6538461538461539,2,guided_fourier_robust,25,9,34.0,-14.380126804764291,-14.661808505536182,0.28168170077189103,0.5820185393774769,True
25,BeH2,0.8076923076923077,0,default,25,0,25.0,-14.974789532673345,-15.173426007815952,0.19863647514260663,0.0,
25,BeH2,0.8076923076923077,0,guided_fourier_robust,25,9,34.0,-15.020670518755022,-15.173426007815952,0.1527554890609295,0.4343355298720922,True
25,BeH2,0.8076923076923077,1,default,25,0,25.0,-15.079655344130774,-15.173426007815952,0.09377066368517717,0.0,
25,BeH2,0.8076923076923077,1,guided_fourier_robust,25,9,34.0,-15.069772377169752,-15.173426007815952,0.1036536306461997,0.24465352488740796,True
25,BeH2,0.8076923076923077,2,default,25,0,25.0,-14.530224633390716,-15.173426007815952,0.6432013744252352,0.0,
25,BeH2,0.8076923076923077,2,guided_fourier_robust,25,9,34.0,-14.796837750112601,-15.173426007815952,0.37658825770335014,0.5187266318886529,True
25,BeH2,0.9615384615384616,0,default,25,0,25.0,-15.217417125850485,-15.425201817554711,0.20778469170422653,0.0,
25,BeH2,0.9615384615384616,0,guided_fourier_robust,25,9,34.0,-15.259695768850786,-15.425201817554711,0.16550604870392505,0.4482377371580573,True
25,BeH2,0.9615384615384616,1,default,25,0,25.0,-15.337399426698891,-15.425201817554711,0.08780239085582053,0.0,
25,BeH2,0.9615384615384616,1,guided_fourier_robust,25,9,34.0,-15.322429761928147,-15.425201817554711,0.10277205562656455,0.26243080260361057,True
25,BeH2,0.9615384615384616,2,default,25,0,25.0,-14.874321089400688,-15.425201817554711,0.5508807281540236,0.0,
25,BeH2,0.9615384615384616,2,guided_fourier_robust,25,9,34.0,-15.008176222013676,-15.425201817554711,0.4170255955410358,0.466920274015141,True
25,H2,0.5,0,default,25,0,25.0,-1.0551597877159964,-1.055159794470623,6.754626635796512e-09,0.0,
25,H2,0.5,0,guided_fourier_robust,25,9,34.0,-1.0551595743667244,-1.055159794470623,2.2010389866267133e-07,1.1783227709084816,True
25,H2,0.5,1,default,25,0,25.0,-1.0551544143011984,-1.055159794470623,5.380169424640258e-06,0.0,
25,H2,0.5,1,guided_fourier_robust,25,9,34.0,-1.0551519416420543,-1.055159794470623,7.85282856874403e-06,1.178322770908482,True
25,H2,0.5,2,default,25,0,25.0,-1.0551597874869179,-1.055159794470623,6.983705169716359e-09,0.0,
25,H2,0.5,2,guided_fourier_robust,25,9,34.0,-1.0551597876720782,-1.055159794470623,6.798544838204634e-09,1.1783227709084816,True
25,H2,0.6538461538461539,0,default,25,0,25.0,-1.130619303244814,-1.1306196124696388,3.0922482485706837e-07,0.0,
25,H2,0.6538461538461539,0,guided_fourier_robust,25,9,34.0,-1.1306194511738359,-1.1306196124696388,1.6129580293622325e-07,0.9222882409168853,True
25,H2,0.6538461538461539,1,default,25,0,25.0,-1.130619568449239,-1.1306196124696388,4.402039976980632e-08,0.0,
25,H2,0.6538461538461539,1,guided_fourier_robust,25,9,34.0,-1.1306193393440127,-1.1306196124696388,2.731256261157e-07,0.9222882409168857,True
25,H2,0.6538461538461539,2,default,25,0,25.0,-1.13061951482356,-1.1306196124696388,9.764607877826847e-08,0.0,
25,H2,0.6538461538461539,2,guided_fourier_robust,25,9,34.0,-1.1306195865962638,-1.1306196124696388,2.587337499804221e-08,0.9222882409168855,True
25,H2,0.8076923076923077,0,default,25,0,25.0,-1.1334179953456816,-1.1334180073912137,1.204553212730275e-08,0.0,
25,H2,0.8076923076923077,0,guided_fourier_robust,25,9,34.0,-1.1334167839969065,-1.1334180073912137,1.223394307192649e-06,0.7352101732648479,True
25,H2,0.8076923076923077,1,default,25,0,25.0,-1.133416202731849,-1.1334180073912137,1.8046593646126041e-06,0.0,
25,H2,0.8076923076923077,1,guided_fourier_robust,25,9,34.0,-1.1334179559705069,-1.1334180073912137,5.142070680363986e-08,0.7352101732648483,True
25,H2,0.8076923076923077,2,default,25,0,25.0,-1.1334179946316505,-1.1334180073912137,1.2759563183806222e-08,0.0,
25,H2,0.8076923076923077,2,guided_fourier_robust,25,9,34.0,-1.1334180064565857,-1.1334180073912137,9.346279306043925e-10,0.735210173264848,True
25,H2,0.9615384615384616,0,default,25,0,25.0,-1.1090599139337898,-1.1090599321341164,1.8200326579176362e-08,0.0,
25,H2,0.9615384615384616,0,guided_fourier_robust,25,9,34.0,-1.1090599019625111,-1.1090599321341164,3.017160521423534e-08,0.5983949854596445,True
25,H2,0.9615384615384616,1,default,25,0,25.0,-1.1090599068669902,-1.1090599321341164,2.5267126169126186e-08,0.0,
25,H2,0.9615384615384616,1,guided_fourier_robust,25,9,34.0,-1.1090598529760962,-1.1090599321341164,7.915802013869211e-08,0.5983949854596449,True
25,H2,0.9615384615384616,2,default,25,0,25.0,-1.109059923975018,-1.1090599321341164,8.159098285887012e-09,0.0,
25,H2,0.9615384615384616,2,guided_fourier_robust,25,9,34.0,-1.1090597878790178,-1.1090599321341164,1.4425509853310814e-07,0.5983949854596448,True
25,LiH,0.5,0,default,25,0,25.0,-6.996547753340824,-7.033795929869498,0.03724817652867429,0.0,
25,LiH,0.5,0,guided_fourier_robust,25,9,34.0,-6.997739533180882,-7.033795929869498,0.03605639668861649,0.3049982691326257,True
25,LiH,0.5,1,default,25,0,25.0,-6.99012266439908,-7.033795929869498,0.043673265470418166,0.0,
25,LiH,0.5,1,guided_fourier_robust,25,9,34.0,-6.967950985233886,-7.033795929869498,0.06584494463561263,0.09772864757628451,True
25,LiH,0.5,2,default,25,0,25.0,-6.902818116769171,-7.033795929869498,0.1309778131003272,0.0,
25,LiH,0.5,2,guided_fourier_robust,25,9,34.0,-6.940806255487412,-7.033795929869498,0.09298967438208638,0.22693911907762507,True
25,LiH,0.6538461538461539,0,default,25,0,25.0,-7.359346549071401,-7.410554190427822,0.051207641356421085,0.0,
25,LiH,0.6538461538461539,0,guided_fourier_robust,25,9,34.0,-7.352348169556286,-7.410554190427822,0.0582060208715367,0.3315271616428997,True
25,LiH,0.6538461538461539,1,default,25,0,25.0,-7.383193072328925,-7.410554190427822,0.027361118098896853,0.0,
25,LiH,0.6538461538461539,1,guided_fourier_robust,25,9,34.0,-7.374746258395507,-7.410554190427822,0.03580793203231547,0.12256507699338282,True
25,LiH,0.6538461538461539,2,default,25,0,25.0,-7.273283193009298,-7.410554190427822,0.13727099741852467,0.0,
25,LiH,0.6538461538461539,2,guided_fourier_robust,25,9,34.0,-7.278372483994259,-7.410554190427822,0.1321817064335633,0.24320297770348795,True
25,LiH,0.8076923076923077,0,default,25,0,25.0,-7.570592426004507,-7.625517053911114,0.05492462790660735,0.0,
25,LiH,0.8076923076923077,0,guided_fourier_robust,25,9,34.0,-7.561529699418974,-7.625517053911114,0.06398735449214055,0.3457727470489854,True
25,LiH,0.8076923076923077,1,default,25,0,25.0,-7.589536139785906,-7.625517053911114,0.035980914125207875,0.0,
25,LiH,0.8076923076923077,1,guided_fourier_robust,25,9,34.0,-7.5856540851840135,-7.625517053911114,0.0398629687271006,0.14945407673172115,True
25,LiH,0.8076923076923077,2,default,25,0,25.0,-7.440759006562492,-7.625517053911114,0.18475804734862233,0.0,
25,LiH,0.8076923076923077,2,guided_fourier_robust,25,9,34.0,-7.499443714542082,-7.625517053911114,0.1260733393690323,0.253030591210538,True
25,LiH,0.9615384615384616,0,default,25,0,25.0,-7.6817996845527,-7.747746029805036,0.06594634525233634,0.0,
25,LiH,0.9615384615384616,0,guided_fourier_robust,25,9,34.0,-7.665899438658589,-7.747746029805036,0.08184659114644699,0.35320808259432007,True
25,LiH,0.9615384615384616,1,default,25,0,25.0,-7.709641456365489,-7.747746029805036,0.038104573439547096,0.0,
25,LiH,0.9615384615384616,1,guided_fourier_robust,25,9,34.0,-7.710880487783173,-7.747746029805036,0.03686554202186265,0.16764627781172725,True
25,LiH,0.9615384615384616,2,default,25,0,25.0,-7.55603634783362,-7.747746029805036,0.1917096819714157,0.0,
25,LiH,0.9615384615384616,2,guided_fourier_robust,25,9,34.0,-7.5961930555115575,-7.747746029805036,0.15155297429347847,0.2586548754378379,True
50,BeH2,0.5,0,default,50,0,50.0,-13.432693707639686,-13.667143209581798,0.23444950194211245,0.0,
50,BeH2,0.5,0,guided_fourier_robust,50,9,59.0,-13.614205388867482,-13.667143209581798,0.052937820714316075,0.7543733673055979,True
50,BeH2,0.5,1,default,50,0,50.0,-13.586828497966458,-13.667143209581798,0.08031471161534043,0.0,
50,BeH2,0.5,1,guided_fourier_robust,50,9,59.0,-13.611028930863277,-13.667143209581798,0.05611427871852115,1.35602526813868,True
50,BeH2,0.5,2,default,50,0,50.0,-13.104009630246043,-13.667143209581798,0.563133579335755,0.0,
50,BeH2,0.5,2,guided_fourier_robust,50,9,59.0,-13.559622359733364,-13.667143209581798,0.10752084984843435,1.33657614751887,True
50,BeH2,0.6538461538461539,0,default,50,0,50.0,-14.389281705765352,-14.66180850553618,0.2725267997708283,0.0,
50,BeH2,0.6538461538461539,0,guided_fourier_robust,50,9,59.0,-14.599861803099216,-14.66180850553618,0.06194670243696443,0.7872498868759594,True
50,BeH2,0.6538461538461539,1,default,50,0,50.0,-14.596018903700806,-14.66180850553618,0.06578960183537497,0.0,
50,BeH2,0.6538461538461539,1,guided_fourier_robust,50,9,59.0,-14.605536262642442,-14.66180850553618,0.05627224289373878,1.3042480796018214,True
50,BeH2,0.6538461538461539,2,default,50,0,50.0,-14.016011481107906,-14.66180850553618,0.6457970244282745,0.0,
50,BeH2,0.6538461538461539,2,guided_fourier_robust,50,9,59.0,-14.606688083940835,-14.66180850553618,0.0551204215953458,1.2742327816247347,True
50,BeH2,0.8076923076923077,0,default,50,0,50.0,-14.778759805924347,-15.173426007815959,0.39466620189161183,0.0,
50,BeH2,0.8076923076923077,0,guided_fourier_robust,50,9,59.0,-15.111088363705584,-15.173426007815959,0.06233764411037512,0.7920539165702319,True
50,BeH2,0.8076923076923077,1,default,50,0,50.0,-15.100050135260918,-15.173426007815959,0.07337587255504019,0.0,
50,BeH2,0.8076923076923077,1,guided_fourier_robust,50,9,59.0,-15.116579130280826,-15.173426007815959,0.056846877535132734,1.2474428721059168,True
50,BeH2,0.8076923076923077,2,default,50,0,50.0,-14.476194887416057,-15.173426007815959,0.697231120399902,0.0,
50,BeH2,0.8076923076923077,2,guided_fourier_robust,50,9,59.0,-15.07513759624017,-15.173426007815959,0.09828841157578871,1.2323996543602351,True
50,BeH2,0.9615384615384616,0,default,50,0,50.0,-15.121060216451578,-15.42520181755472,0.3041416011031419,0.0,
50,BeH2,0.9615384615384616,0,guided_fourier_robust,50,9,59.0,-15.369942174861585,-15.42520181755472,0.05525964269313555,0.8079901337705446,True
50,BeH2,0.9615384615384616,1,default,50,0,50.0,-15.349768777970253,-15.42520181755472,0.07543303958446756,0.0,
50,BeH2,0.9615384615384616,1,guided_fourier_robust,50,9,59.0,-15.369059936674415,-15.42520181755472,0.056141880880305806,1.1849893553939725,True
50,BeH2,0.9615384615384616,2,default,50,0,50.0,-14.729838584433676,-15.42520181755472,0.6953632331210446,0.0,
50,BeH2,0.9615384615384616,2,guided_fourier_robust,50,9,59.0,-15.358373667518759,-15.42520181755472,0.06682815003596154,1.1791818660290425,True
50,H2,0.5,0,default,37,0,37.0,-1.0551597937918673,-1.055159794470623,6.787557182974524e-10,0.0,
50,H2,0.5,0,guided_fourier_robust,32,9,41.0,-1.0551597932570769,-1.055159794470623,1.2135461524565017e-09,1.1783227709084816,True
50,H2,0.5,1,default,37,0,37.0,-1.055159791154989,-1.055159794470623,3.315633989586786e-09,0.0,
50,H2,0.5,1,guided_fourier_robust,36,9,45.0,-1.055159793080824,-1.055159794470623,1.3897989425970536e-09,1.1783227709084816,True
50,H2,0.5,2,default,31,0,31.0,-1.0551597944706133,-1.055159794470623,9.769962616701378e-15,0.0,
50,H2,0.5,2,guided_fourier_robust,39,9,48.0,-1.0551597944403561,-1.055159794470623,3.026690009733102e-11,1.1783227709084816,True
50,H2,0.6538461538461539,0,default,35,0,35.0,-1.1306196124527421,-1.1306196124696388,1.6896706256375182e-11,0.0,
50,H2,0.6538461538461539,0,guided_fourier_robust,33,9,42.0,-1.1306196111237692,-1.1306196124696388,1.3458696379586854e-09,0.9222882409168855,True
50,H2,0.6538461538461539,1,default,31,0,31.0,-1.1306196124696322,-1.1306196124696388,6.661338147750939e-15,0.0,
50,H2,0.6538461538461539,1,guided_fourier_robust,32,9,41.0,-1.1306196107237971,-1.1306196124696388,1.7458416934346133e-09,0.9222882409168853,True
50,H2,0.6538461538461539,2,default,37,0,37.0,-1.130619611552964,-1.1306196124696388,9.16674736117784e-10,0.0,
50,H2,0.6538461538461539,2,guided_fourier_robust,43,9,52.0,-1.1306196103906667,-1.1306196124696388,2.0789721055791688e-09,0.9222882409168854,True
50,H2,0.8076923076923077,0,default,41,0,41.0,-1.1334180072520703,-1.1334180073912137,1.3914336349785117e-10,0.0,
50,H2,0.8076923076923077,0,guided_fourier_robust,32,9,41.0,-1.1334180069578461,-1.1334180073912137,4.3336756405665255e-10,0.7352101732648479,True
50,H2,0.8076923076923077,1,default,39,0,39.0,-1.1334180070547029,-1.1334180073912137,3.365108192099342e-10,0.0,
50,H2,0.8076923076923077,1,guided_fourier_robust,34,9,43.0,-1.133418006899341,-1.1334180073912137,4.918727647407195e-10,0.7352101732648479,True
50,H2,0.8076923076923077,2,default,35,0,35.0,-1.1334180073554219,-1.1334180073912137,3.5791813957075647e-11,0.0,
50,H2,0.8076923076923077,2,guided_fourier_robust,38,9,47.0,-1.1334180060774415,-1.1334180073912137,1.3137722021383524e-09,0.7352101732648479,True
50,H2,0.9615384615384616,0,default,38,0,38.0,-1.109059930853844,-1.1090599321341164,1.280272332593313e-09,0.0,
50,H2,0.9615384615384616,0,guided_fourier_robust,36,9,45.0,-1.1090599321330656,-1.1090599321341164,1.0507150705052481e-12,0.5983949854596446,True
50,H2,0.9615384615384616,1,default,41,0,41.0,-1.1090599310444849,-1.1090599321341164,1.0896314961428288e-09,0.0,
50,H2,0.9615384615384616,1,guided_fourier_robust,31,9,40.0,-1.1090599317683965,-1.1090599321341164,3.6571989880940237e-10,0.5983949854596444,True
50,H2,0.9615384615384616,2,default,32,0,32.0,-1.1090599319473475,-1.1090599321341164,1.8676882262980143e-10,0.0,
50,H2,0.9615384615384616,2,guided_fourier_robust,40,9,49.0,-1.1090599321098282,-1.1090599321341164,2.4288127065119625e-11,0.5983949854596448,True
50,LiH,0.5,0,default,50,0,50.0,-7.001460541720858,-7.033795929869492,0.0323353881486339,0.0,
50,LiH,0.5,0,guided_fourier_robust,50,9,59.0,-7.009579046089763,-7.033795929869492,0.024216883779729415,0.5100491410510748,True
50,LiH,0.5,1,default,50,0,50.0,-7.012833724755191,-7.033795929869492,0.02096220511430147,0.0,
50,LiH,0.5,1,guided_fourier_robust,50,9,59.0,-7.008981444126507,-7.033795929869492,0.024814485742985504,0.01243533086037158,True
50,LiH,0.5,2,default,50,0,50.0,-6.98820181613004,-7.033795929869492,0.04559411373945199,0.0,
50,LiH,0.5,2,guided_fourier_robust,50,9,59.0,-6.9949039920690925,-7.033795929869492,0.03889193780039957,0.08818877869219538,True
50,LiH,0.6538461538461539,0,default,50,0,50.0,-7.375300471184512,-7.410554190427815,0.03525371924330312,0.0,
50,LiH,0.6538461538461539,0,guided_fourier_robust,50,9,59.0,-7.36941415983733,-7.410554190427815,0.04114003059048521,0.5458960706506625,True
50,LiH,0.6538461538461539,1,default,50,0,50.0,-7.390258406699573,-7.410554190427815,0.020295783728242256,0.0,
50,LiH,0.6538461538461539,1,guided_fourier_robust,50,9,59.0,-7.38835108336485,-7.410554190427815,0.02220310706296491,0.01236542291032255,True
50,LiH,0.6538461538461539,2,default,50,0,50.0,-7.35780651515123,-7.410554190427815,0.05274767527658497,0.0,
50,LiH,0.6538461538461539,2,guided_fourier_robust,50,9,59.0,-7.362181788640295,-7.410554190427815,0.048372401787520225,0.081798364528705,True
50,LiH,0.8076923076923077,0,default,50,0,50.0,-7.597360655156933,-7.625517053911121,0.02815639875418796,0.0,
50,LiH,0.8076923076923077,0,guided_fourier_robust,50,9,59.0,-7.597738785253876,-7.625517053911121,0.02777826865724542,0.571219262464726,True
50,LiH,0.8076923076923077,1,default,50,0,50.0,-7.601553472490472,-7.625517053911121,0.023963581420649582,0.0,
50,LiH,0.8076923076923077,1,guided_fourier_robust,50,9,59.0,-7.6028723464769365,-7.625517053911121,0.022644707434184674,0.015636045564429404,True
50,LiH,0.8076923076923077,2,default,50,0,50.0,-7.575990447913616,-7.625517053911121,0.0495266059975048,0.0,
50,LiH,0.8076923076923077,2,guided_fourier_robust,50,9,59.0,-7.586732321829967,-7.625517053911121,0.038784732081154516,0.07637362773516457,True
50,LiH,0.9615384615384616,0,default,50,0,50.0,-7.700356553174561,-7.747746029805036,0.047389476630475436,0.0,
50,LiH,0.9615384615384616,0,guided_fourier_robust,50,9,59.0,-7.710527055441854,-7.747746029805036,0.03721897436318233,0.5861269207925959,True
50,LiH,0.9615384615384616,1,default,50,0,50.0,-7.722470065583892,-7.747746029805036,0.02527596422114442,0.0,
50,LiH,0.9615384615384616,1,guided_fourier_robust,50,9,59.0,-7.723859495402589,-7.747746029805036,0.023886534402446813,0.01876324920801851,True
50,LiH,0.9615384615384616,2,default,50,0,50.0,-7.700408663736225,-7.747746029805036,0.04733736606881145,0.0,
50,LiH,0.9615384615384616,2,guided_fourier_robust,50,9,59.0,-7.716719292637047,-7.747746029805036,0.03102673716798865,0.07425017557566284,True
100,BeH2,0.5,0,default,100,0,100.0,-13.597461303913732,-13.667143209581795,0.06968190566806243,0.0,
100,BeH2,0.5,0,guided_fourier_robust,100,9,109.0,-13.621287723369905,-13.667143209581795,0.04585548621188984,0.8305569727540747,True
100,BeH2,0.5,1,default,100,0,100.0,-13.60404259998363,-13.667143209581795,0.06310060959816433,0.0,
100,BeH2,0.5,1,guided_fourier_robust,100,9,109.0,-13.597411020254672,-13.667143209581795,0.069732189327123,0.9410420370529602,True
100,BeH2,0.5,2,default,100,0,100.0,-13.596457918529724,-13.667143209581795,0.07068529105207055,0.0,
100,BeH2,0.5,2,guided_fourier_robust,100,9,109.0,-13.614068663195962,-13.667143209581795,0.05307454638583309,0.9163538917882982,True
100,BeH2,0.6538461538461539,0,default,100,0,100.0,-14.592499218014183,-14.66180850553618,0.06930928752199783,0.0,
100,BeH2,0.6538461538461539,0,guided_fourier_robust,100,9,109.0,-14.614700386990787,-14.66180850553618,0.04710811854539365,0.7567223748823282,True
100,BeH2,0.6538461538461539,1,default,100,0,100.0,-14.601617961230662,-14.66180850553618,0.0601905443055184,0.0,
100,BeH2,0.6538461538461539,1,guided_fourier_robust,100,9,109.0,-14.056276101901773,-14.66180850553618,0.6055324036344079,0.9012680858404432,True
100,BeH2,0.6538461538461539,2,default,100,0,100.0,-14.59830890724264,-14.66180850553618,0.06349959829354113,0.0,
100,BeH2,0.6538461538461539,2,guided_fourier_robust,100,9,109.0,-14.606093983920172,-14.66180850553618,0.055714521616009094,0.8252360218845106,True
100,BeH2,0.8076923076923077,0,default,100,0,100.0,-15.104023980161564,-15.17342600781595,0.06940202765438563,0.0,
100,BeH2,0.8076923076923077,0,guided_fourier_robust,100,9,109.0,-15.122925654490555,-15.17342600781595,0.05050035332539515,0.6941355137511942,True
100,BeH2,0.8076923076923077,1,default,100,0,100.0,-14.734435496624602,-15.17342600781595,0.43899051119134747,0.0,
100,BeH2,0.8076923076923077,1,guided_fourier_robust,100,9,109.0,-14.525132892671628,-15.17342600781595,0.6482931151443214,0.8555778090092154,True
100,BeH2,0.8076923076923077,2,default,100,0,100.0,-15.115020609663187,-15.17342600781595,0.0584053981527628,0.0,
100,BeH2,0.8076923076923077,2,guided_fourier_robust,100,9,109.0,-15.118202227890396,-15.17342600781595,0.055223779925553274,0.7320910704864599,True
100,BeH2,0.9615384615384616,0,default,100,0,100.0,-15.352209302569825,-15.425201817554719,0.07299251498489312,0.0,
100,BeH2,0.9615384615384616,0,guided_fourier_robust,100,9,109.0,-15.372474224827371,-15.425201817554719,0.05272759272734717,0.6681711545718263,True
100,BeH2,0.9615384615384616,1,default,100,0,100.0,-14.958939712857894,-15.425201817554719,0.46626210469682405,0.0,
100,BeH2,0.9615384615384616,1,guided_fourier_robust,100,9,109.0,-14.819060561842258,-15.425201817554719,0.6061412557124601,0.81634634985897,True
100,BeH2,0.9615384615384616,2,default,100,0,100.0,-15.371701828999917,-15.425201817554719,0.05349998855480109,0.0,
100,BeH2,0.9615384615384616,2,guided_fourier_robust,100,9,109.0,-15.370505656391586,-15.425201817554719,0.05469616116313247,0.643989384013254,True
100,H2,0.5,0,default,34,0,34.0,-1.0551597942870556,-1.055159794470623,1.8356738351599233e-10,0.0,
100,H2,0.5,0,guided_fourier_robust,36,9,45.0,-1.0551597942444386,-1.055159794470623,2.261844045392536e-10,1.1783227709084818,True
100,H2,0.5,1,default,38,0,38.0,-1.0551597941406585,-1.055159794470623,3.299645001675344e-10,0.0,
100,H2,0.5,1,guided_fourier_robust,40,9,49.0,-1.055159792564426,-1.055159794470623,1.9061969780409527e-09,1.1783227709084816,True
100,H2,0.5,2,default,36,0,36.0,-1.0551597923582483,-1.055159794470623,2.112374719587251e-09,0.0,
100,H2,0.5,2,guided_fourier_robust,36,9,45.0,-1.0551597939896238,-1.055159794470623,4.809992404375407e-10,1.1783227709084818,True
100,H2,0.6538461538461539,0,default,33,0,33.0,-1.1306196107230706,-1.1306196124696388,1.746568223381928e-09,0.0,
100,H2,0.6538461538461539,0,guided_fourier_robust,31,9,40.0,-1.1306196115369826,-1.1306196124696388,9.326561745126583e-10,0.9222882409168853,True
100,H2,0.6538461538461539,1,default,34,0,34.0,-1.1306196123009928,-1.1306196124696388,1.6864598606503023e-10,0.0,
100,H2,0.6538461538461539,1,guided_fourier_robust,43,9,52.0,-1.1306196123490633,-1.1306196124696388,1.205755495448102e-10,0.9222882409168855,True
100,H2,0.6538461538461539,2,default,34,0,34.0,-1.1306196124040304,-1.1306196124696388,6.56084075956187e-11,0.0,
100,H2,0.6538461538461539,2,guided_fourier_robust,35,9,44.0,-1.1306196119170417,-1.1306196124696388,5.525970792064072e-10,0.9222882409168855,True
100,H2,0.8076923076923077,0,default,35,0,35.0,-1.1334180058077687,-1.1334180073912137,1.5834449307305931e-09,0.0,
100,H2,0.8076923076923077,0,guided_fourier_robust,34,9,43.0,-1.1334180068386197,-1.1334180073912137,5.525939705819383e-10,0.735210173264848,True
100,H2,0.8076923076923077,1,default,35,0,35.0,-1.1334180073871876,-1.1334180073912137,4.026112776500668e-12,0.0,
100,H2,0.8076923076923077,1,guided_fourier_robust,35,9,44.0,-1.1334180065725437,-1.1334180073912137,8.186700206636033e-10,0.7352101732648479,True
100,H2,0.8076923076923077,2,default,35,0,35.0,-1.1334180062433212,-1.1334180073912137,1.1478924477614783e-09,0.0,
100,H2,0.8076923076923077,2,guided_fourier_robust,33,9,42.0,-1.1334180050693483,-1.1334180073912137,2.321865366639031e-09,0.735210173264848,True
100,H2,0.9615384615384616,0,default,38,0,38.0,-1.109059931027006,-1.1090599321341164,1.1071104033533175e-09,0.0,
100,H2,0.9615384615384616,0,guided_fourier_robust,30,9,39.0,-1.109059931955625,-1.1090599321341164,1.7849144384740612e-10,0.5983949854596444,True
100,H2,0.9615384615384616,1,default,33,0,33.0,-1.1090599321240289,-1.1090599321341164,1.0087486401744172e-11,0.0,
100,H2,0.9615384615384616,1,guided_fourier_robust,33,9,42.0,-1.109059930602681,-1.1090599321341164,1.531435422919003e-09,0.5983949854596444,True
100,H2,0.9615384615384616,2,default,39,0,39.0,-1.1090599320871313,-1.1090599321341164,4.6985082491346475e-11,0.0,
100,H2,0.9615384615384616,2,guided_fourier_robust,35,9,44.0,-1.1090599320535346,-1.1090599321341164,8.058176348413326e-11,0.5983949854596446,True
100,LiH,0.5,0,default,100,0,100.0,-6.990954750912283,-7.033795929869495,0.042841178957211845,0.0,
100,LiH,0.5,0,guided_fourier_robust,100,9,109.0,-7.013613756400425,-7.033795929869495,0.020182173469069475,0.02511084439821411,True
100,LiH,0.5,1,default,100,0,100.0,-6.99459981026177,-7.033795929869495,0.039196119607725066,0.0,
100,LiH,0.5,1,guided_fourier_robust,100,9,109.0,-7.013732467668044,-7.033795929869495,0.020063462201450832,0.0721452430781474,True
100,LiH,0.5,2,default,100,0,100.0,-7.007434703599165,-7.033795929869495,0.026361226270330107,0.0,
100,LiH,0.5,2,guided_fourier_robust,100,9,109.0,-7.014451967729705,-7.033795929869495,0.019343962139790172,0.5451805532432215,True
100,LiH,0.6538461538461539,0,default,100,0,100.0,-7.386665582068373,-7.410554190427828,0.02388860835945472,0.0,
100,LiH,0.6538461538461539,0,guided_fourier_robust,100,9,109.0,-7.387410774342324,-7.410554190427828,0.023143416085503965,0.03128842316694827,True
100,LiH,0.6538461538461539,1,default,100,0,100.0,-7.38666634012959,-7.410554190427828,0.023887850298237367,0.0,
100,LiH,0.6538461538461539,1,guided_fourier_robust,100,9,109.0,-7.311543552117994,-7.410554190427828,0.09901063830983325,0.09450093228668985,True
100,LiH,0.6538461538461539,2,default,100,0,100.0,-7.38796183966926,-7.410554190427828,0.02259235075856747,0.0,
100,LiH,0.6538461538461539,2,guided_fourier_robust,100,9,109.0,-7.391836770894809,-7.410554190427828,0.018717419533018642,0.5590166120707004,True
100,LiH,0.8076923076923077,0,default,100,0,100.0,-7.601149459348747,-7.625517053911113,0.024367594562366257,0.0,
100,LiH,0.8076923076923077,0,guided_fourier_robust,100,9,109.0,-7.59274890618695,-7.625517053911113,0.03276814772416348,0.04835592569983713,True
100,LiH,0.8076923076923077,1,default,100,0,100.0,-7.597901814053158,-7.625517053911113,0.027615239857955665,0.0,
100,LiH,0.8076923076923077,1,guided_fourier_robust,100,9,109.0,-7.527521038806098,-7.625517053911113,0.09799601510501521,0.1051079509373946,True
100,LiH,0.8076923076923077,2,default,100,0,100.0,-7.603364655752043,-7.625517053911113,0.02215239815907033,0.0,
100,LiH,0.8076923076923077,2,guided_fourier_robust,100,9,109.0,-7.606234328746893,-7.625517053911113,0.019282725164219805,0.5676787615883095,True
100,LiH,0.9615384615384616,0,default,100,0,100.0,-7.717485959845426,-7.747746029805038,0.030260069959611613,0.0,
100,LiH,0.9615384615384616,0,guided_fourier_robust,100,9,109.0,-7.721093758675503,-7.747746029805038,0.026652271129535166,0.05875788606137073,True
100,LiH,0.9615384615384616,1,default,100,0,100.0,-7.725973627664796,-7.747746029805038,0.021772402140241454,0.0,
100,LiH,0.9615384615384616,1,guided_fourier_robust,100,9,109.0,-7.712807720905603,-7.747746029805038,0.03493830889943439,0.11048791668213591,True
100,LiH,0.9615384615384616,2,default,100,0,100.0,-7.724136195576316,-7.747746029805038,0.023609834228722093,0.0,
100,LiH,0.9615384615384616,2,guided_fourier_robust,100,9,109.0,-7.72704845278752,-7.747746029805038,0.02069757701751751,0.5714463919683628,True
200,BeH2,0.5,0,default,200,0,200.0,-13.611653552931735,-13.667143209581793,0.05548965665005845,0.0,
200,BeH2,0.5,0,guided_fourier_robust,200,9,209.0,-13.613525911292399,-13.667143209581793,0.0536172982893941,0.5365594491210082,True
200,BeH2,0.5,1,default,200,0,200.0,-13.62372695607182,-13.667143209581793,0.04341625350997269,0.0,
200,BeH2,0.5,1,guided_fourier_robust,200,9,209.0,-13.61452073549809,-13.667143209581793,0.05262247408370335,0.3742282082795325,True
200,BeH2,0.5,2,default,200,0,200.0,-13.61704166304381,-13.667143209581793,0.0501015465379826,0.0,
200,BeH2,0.5,2,guided_fourier_robust,200,9,209.0,-13.606153456075646,-13.667143209581793,0.06098975350614744,0.06433335304606884,True
200,BeH2,0.6538461538461539,0,default,200,0,200.0,-14.605767486592779,-14.66180850553619,0.05604101894341085,0.0,
200,BeH2,0.6538461538461539,0,guided_fourier_robust,200,9,209.0,-14.608368727850078,-14.66180850553619,0.05343977768611197,0.5240787821583283,True
200,BeH2,0.6538461538461539,1,default,200,0,200.0,-14.60812941501139,-14.66180850553619,0.05367909052479902,0.0,
200,BeH2,0.6538461538461539,1,guided_fourier_robust,200,9,209.0,-14.612074358495397,-14.66180850553619,0.04973414704079282,0.32245848885755324,True
200,BeH2,0.6538461538461539,2,default,200,0,200.0,-14.606218611995722,-14.66180850553619,0.05558989354046773,0.0,
200,BeH2,0.6538461538461539,2,guided_fourier_robust,200,9,209.0,-14.605319776549578,-14.66180850553619,0.05648872898661139,0.0584340516912514,True
200,BeH2,0.8076923076923077,0,default,200,0,200.0,-15.116493293997294,-15.173426007815955,0.05693271381866083,0.0,
200,BeH2,0.8076923076923077,0,guided_fourier_robust,200,9,209.0,-15.121620329108437,-15.173426007815955,0.05180567870751851,0.49999627411612363,True
200,BeH2,0.8076923076923077,1,default,200,0,200.0,-15.121084421993338,-15.173426007815955,0.052341585822617276,0.0,
200,BeH2,0.8076923076923077,1,guided_fourier_robust,200,9,209.0,-15.112873966177919,-15.173426007815955,0.06055204163803651,0.24757956467293576,True
200,BeH2,0.8076923076923077,2,default,200,0,200.0,-15.115828607708357,-15.173426007815955,0.05759740010759806,0.0,
200,BeH2,0.8076923076923077,2,guided_fourier_robust,200,9,209.0,-15.116790049730886,-15.173426007815955,0.05663595808506905,0.02979778989791366,True
200,BeH2,0.9615384615384616,0,default,200,0,200.0,-15.369158063366122,-15.425201817554711,0.056043754188589645,0.0,
200,BeH2,0.9615384615384616,0,guided_fourier_robust,200,9,209.0,-15.36662172478512,-15.425201817554711,0.058580092769592085,0.5204689524036383,True
200,BeH2,0.9615384615384616,1,default,200,0,200.0,-15.37184174292771,-15.425201817554711,0.0533600746270011,0.0,
200,BeH2,0.9615384615384616,1,guided_fourier_robust,200,9,209.0,-15.368804373786876,-15.425201817554711,0.0563974437678354,0.21801538595558656,True
200,BeH2,0.9615384615384616,2,default,200,0,200.0,-15.366095846064367,-15.425201817554711,0.0591059714903448,0.0,
200,BeH2,0.9615384615384616,2,guided_fourier_robust,200,9,209.0,-15.3634850887163,-15.425201817554711,0.06171672883841062,0.045379632693763425,True
200,H2,0.5,0,default,40,0,40.0,-1.0551597943732174,-1.055159794470623,9.740563911009303e-11,0.0,
200,H2,0.5,0,guided_fourier_robust,37,9,46.0,-1.0551597938847423,-1.055159794470623,5.858806773062497e-10,1.178322770908482,True
200,H2,0.5,1,default,34,0,34.0,-1.0551597944598157,-1.055159794470623,1.0807355010911124e-11,0.0,
200,H2,0.5,1,guided_fourier_robust,38,9,47.0,-1.0551597904682535,-1.055159794470623,4.002369546896034e-09,1.1783227709084816,True
200,H2,0.5,2,default,33,0,33.0,-1.0551597931069303,-1.055159794470623,1.3636927143068078e-09,0.0,
200,H2,0.5,2,guided_fourier_robust,36,9,45.0,-1.0551597944582725,-1.055159794470623,1.2350565015140091e-11,1.1783227709084816,True
200,H2,0.6538461538461539,0,default,32,0,32.0,-1.1306196110824982,-1.1306196124696388,1.3871406245868911e-09,0.0,
200,H2,0.6538461538461539,0,guided_fourier_robust,31,9,40.0,-1.130619612338121,-1.1306196124696388,1.3151790767551574e-10,0.9222882409168859,True
200,H2,0.6538461538461539,1,default,37,0,37.0,-1.1306196123134842,-1.1306196124696388,1.5615464477036767e-10,0.0,
200,H2,0.6538461538461539,1,guided_fourier_robust,51,9,60.0,-1.1306196124152539,-1.1306196124696388,5.438494099507807e-11,0.9222882409168854,True
200,H2,0.6538461538461539,2,default,41,0,41.0,-1.1306196123178687,-1.1306196124696388,1.51770152001518e-10,0.0,
200,H2,0.6538461538461539,2,guided_fourier_robust,38,9,47.0,-1.1306196093568115,-1.1306196124696388,3.1128273292324593e-09,0.9222882409168858,True
200,H2,0.8076923076923077,0,default,37,0,37.0,-1.1334180071887108,-1.1334180073912137,2.0250290333478915e-10,0.0,
200,H2,0.8076923076923077,0,guided_fourier_robust,36,9,45.0,-1.1334180071431055,-1.1334180073912137,2.481082006511315e-10,0.7352101732648483,True
200,H2,0.8076923076923077,1,default,34,0,34.0,-1.1334180064551034,-1.1334180073912137,9.36110300386872e-10,0.0,
200,H2,0.8076923076923077,1,guided_fourier_robust,35,9,44.0,-1.1334180058597796,-1.1334180073912137,1.5314340906513735e-09,0.7352101732648482,True
200,H2,0.8076923076923077,2,default,37,0,37.0,-1.1334180072531033,-1.1334180073912137,1.3811041199573992e-10,0.0,
200,H2,0.8076923076923077,2,guided_fourier_robust,37,9,46.0,-1.1334180062703205,-1.1334180073912137,1.120893156070224e-09,0.7352101732648482,True
200,H2,0.9615384615384616,0,default,38,0,38.0,-1.1090599320997878,-1.1090599321341164,3.432854001061969e-11,0.0,
200,H2,0.9615384615384616,0,guided_fourier_robust,39,9,48.0,-1.1090599314434364,-1.1090599321341164,6.906799576711364e-10,0.598394985459645,True
200,H2,0.9615384615384616,1,default,32,0,32.0,-1.1090599321250347,-1.1090599321341164,9.08162434143378e-12,0.0,
200,H2,0.9615384615384616,1,guided_fourier_robust,31,9,40.0,-1.1090599320635168,-1.1090599321341164,7.059952622512355e-11,0.5983949854596446,True
200,H2,0.9615384615384616,2,default,40,0,40.0,-1.1090599321199641,-1.1090599321341164,1.4152234939501795e-11,0.0,
200,H2,0.9615384615384616,2,guided_fourier_robust,34,9,43.0,-1.109059932000937,-1.1090599321341164,1.3317924540956483e-10,0.5983949854596445,True
200,LiH,0.5,0,default,200,0,200.0,-7.012435221358607,-7.033795929869516,0.0213607085109091,0.0,
200,LiH,0.5,0,guided_fourier_robust,200,9,209.0,-7.011414253088692,-7.033795929869516,0.022381676780824478,0.27452983505062684,True
200,LiH,0.5,1,default,200,0,200.0,-7.016580685138517,-7.033795929869516,0.017215244730999224,0.0,
200,LiH,0.5,1,guided_fourier_robust,200,9,209.0,-7.016761248718913,-7.033795929869516,0.017034681150603248,0.2945929567147082,True
200,LiH,0.5,2,default,200,0,200.0,-7.011537029074451,-7.033795929869516,0.022258900795065095,0.0,
200,LiH,0.5,2,guided_fourier_robust,200,9,209.0,-7.010563959961031,-7.033795929869516,0.023231969908485084,0.024234131153894778,True
200,LiH,0.6538461538461539,0,default,200,0,200.0,-7.391318312354873,-7.4105541904278205,0.0192358780729478,0.0,
200,LiH,0.6538461538461539,0,guided_fourier_robust,200,9,209.0,-7.389118344238877,-7.4105541904278205,0.02143584618894323,0.2813650971048132,True
200,LiH,0.6538461538461539,1,default,200,0,200.0,-7.393526038710261,-7.4105541904278205,0.017028151717559226,0.0,
200,LiH,0.6538461538461539,1,guided_fourier_robust,200,9,209.0,-7.393676861596725,-7.4105541904278205,0.016877328831095717,0.275298810466684,True
200,LiH,0.6538461538461539,2,default,200,0,200.0,-7.3902313248489575,-7.4105541904278205,0.02032286557886298,0.0,
200,LiH,0.6538461538461539,2,guided_fourier_robust,200,9,209.0,-7.390787998357926,-7.4105541904278205,0.019766192069894828,0.054349109535409564,True
200,LiH,0.8076923076923077,0,default,200,0,200.0,-7.603313267436517,-7.625517053911113,0.022203786474595866,0.0,
200,LiH,0.8076923076923077,0,guided_fourier_robust,200,9,209.0,-7.60488416174098,-7.625517053911113,0.02063289217013331,0.28526244630872943,True
200,LiH,0.8076923076923077,1,default,200,0,200.0,-7.606862753405785,-7.625517053911113,0.018654300505327903,0.0,
200,LiH,0.8076923076923077,1,guided_fourier_robust,200,9,209.0,-7.607228272847102,-7.625517053911113,0.018288781064010884,0.2596327895622471,True
200,LiH,0.8076923076923077,2,default,200,0,200.0,-7.604945532401979,-7.625517053911113,0.020571521509133994,0.0,
200,LiH,0.8076923076923077,2,guided_fourier_robust,200,9,209.0,-7.604920950369061,-7.625517053911113,0.020596103542052546,0.07798858622784906,True
200,LiH,0.9615384615384616,0,default,200,0,200.0,-7.72726067266756,-7.747746029805032,0.02048535713747146,0.0,
200,LiH,0.9615384615384616,0,guided_fourier_robust,200,9,209.0,-7.7213321960940275,-7.747746029805032,0.02641383371100403,0.2845672275335881,True
200,LiH,0.9615384615384616,1,default,200,0,200.0,-7.728427515460639,-7.747746029805032,0.019318514344392135,0.0,
200,LiH,0.9615384615384616,1,guided_fourier_robust,200,9,209.0,-7.728227232883758,-7.747746029805032,0.019518796921273562,0.2485588387748898,True
200,LiH,0.9615384615384616,2,default,200,0,200.0,-7.726650381133421,-7.747746029805032,0.021095648671610512,0.0,
200,LiH,0.9615384615384616,2,guided_fourier_robust,200,9,209.0,-7.726326034922491,-7.747746029805032,0.02141999488254065,0.09149087518291055,True
