molecule,basis,distance,mapper,ansatz,reps,optimizer,max_iter,seed,active_space,active_orbitals,freeze_core,energy,reference_energy,reference_method,fci_energy,abs_error_hartree,abs_error_kcal_mol,within_chemical_accuracy,vqe_raw_energy,eval_count,success,error,num_qubits,num_terms,constant_energy,setup_hamiltonian_s,vqe_execution_s,total_experiment_s
Li2O_linear,6-31g,1.2,jw,real_amplitudes,1,cobyla,250,137,"[4, 4]","[0, 1, 2, 3]",True,-89.5087522681514,-89.50895084298139,CASCI,-89.50895084298139,0.00019857482999441345,0.12460749299496439,True,-21.31466309346775,250,True,,8,61,-68.19408917468365,0.5545826429879526,2.139542763994541,2.6959335150022525
Li2O_linear,6-31g,1.2,jw,real_amplitudes,1,slsqp,250,137,"[4, 4]","[0, 1, 2, 3]",True,-89.33428346830193,-89.50895084298139,CASCI,-89.50895084298139,0.17466737467945848,109.60534961773232,False,-21.140194293618297,428,True,,8,61,-68.19408917468364,0.5883532870066119,2.9466884690045845,3.536888578993967
Li2O_linear,6-31g,1.2,jw,real_amplitudes,2,cobyla,250,137,"[4, 4]","[0, 1, 2, 3]",True,-89.5071803407339,-89.50895084298139,CASCI,-89.50895084298139,0.0017705022474956422,1.111006094823743,False,-21.313091166050263,250,True,,8,61,-68.19408917468363,0.4855784899991704,2.2845579739951063,2.771913434000453
Li2O_linear,6-31g,1.2,jw,real_amplitudes,2,slsqp,250,137,"[4, 4]","[0, 1, 2, 3]",True,-89.15960080151328,-89.50895084298139,CASCI,-89.50895084298139,0.34935004146811366,219.22029517161454,False,-20.965511626829624,475,True,,8,61,-68.19408917468365,0.4541746629984118,3.675817030001781,4.131813578002038
Li2O_linear,6-31g,1.2,jw,efficient_su2,1,cobyla,250,137,"[4, 4]","[0, 1, 2, 3]",True,-89.44527402780332,-89.50895084298139,CASCI,-89.50895084298139,0.06367681517807,39.95777461557553,False,-21.2511848531197,250,True,,8,61,-68.19408917468363,0.505846645013662,2.3432575260085287,2.851106432004599
Li2O_linear,6-31g,1.2,jw,efficient_su2,1,slsqp,250,137,"[4, 4]","[0, 1, 2, 3]",True,-88.98485020895205,-89.50895084298139,CASCI,-89.50895084298139,0.5241006340293382,328.87786475911594,False,-20.790761034268392,1257,True,,8,61,-68.19408917468365,0.43567134300246835,9.786778887006221,10.224335817008978
Li2O_linear,6-31g,1.2,jw,efficient_su2,2,cobyla,250,137,"[4, 4]","[0, 1, 2, 3]",True,-89.16572148023249,-89.50895084298139,CASCI,-89.50895084298139,0.34322936274890026,215.37951418919965,False,-20.971632305548887,250,True,,8,61,-68.1940891746836,0.5527978959871689,2.6178985800070222,3.173032407008577
Li2O_linear,6-31g,1.2,jw,efficient_su2,2,slsqp,250,137,"[4, 4]","[0, 1, 2, 3]",True,-89.5089444667826,-89.50895084298139,CASCI,-89.50895084298139,6.376198797397592e-06,0.004001122131156166,True,-21.314855292098976,1618,True,,8,61,-68.19408917468363,0.45181032600521576,14.711732733994722,15.165791840001475
Li2O_linear,6-31g,1.5,jw,real_amplitudes,1,cobyla,250,137,"[4, 4]","[0, 1, 2, 3]",True,-89.7508853923327,-89.75092203081448,CASCI,-89.75092203081448,3.6638481773820786e-05,0.02299097705940851,True,-20.574916311510282,250,True,,8,61,-69.17596908082243,0.5087555140053155,2.043025477993069,2.553642292987206
Li2O_linear,6-31g,1.5,jw,real_amplitudes,1,slsqp,250,137,"[4, 4]","[0, 1, 2, 3]",True,-89.60742637492208,-89.75092203081448,CASCI,-89.75092203081448,0.14349565589239432,90.04481553338047,False,-20.431457294099616,392,True,,8,61,-69.17596908082247,0.46453490501153283,2.585061788005987,3.0526097560068592
Li2O_linear,6-31g,1.5,jw,real_amplitudes,2,cobyla,250,137,"[4, 4]","[0, 1, 2, 3]",True,-89.74114760249375,-89.75092203081448,CASCI,-89.75092203081448,0.009774428320724837,6.133541741109722,False,-20.56517852167128,250,True,,8,61,-69.17596908082247,0.4653420050017303,2.2182979849894764,2.6853080750006484
Li2O_linear,6-31g,1.5,jw,real_amplitudes,2,slsqp,250,137,"[4, 4]","[0, 1, 2, 3]",True,-89.43592149580635,-89.75092203081448,CASCI,-89.75092203081448,0.3150005350081244,197.66567072241315,False,-20.25995241498394,425,True,,8,61,-69.17596908082241,0.4443281889980426,3.208556530997157,3.6543885990104172
Li2O_linear,6-31g,1.5,jw,efficient_su2,1,cobyla,250,137,"[4, 4]","[0, 1, 2, 3]",True,-89.64147071137766,-89.75092203081448,CASCI,-89.75092203081448,0.10945131943681474,68.68168800847619,False,-20.46550163055522,250,True,,8,61,-69.17596908082244,0.5399215320067015,2.3572046339977533,2.900123754006927
Li2O_linear,6-31g,1.5,jw,efficient_su2,1,slsqp,250,137,"[4, 4]","[0, 1, 2, 3]",True,-89.75091309841726,-89.75092203081448,CASCI,-89.75092203081448,8.932397221883548e-06,0.005605159648306923,True,-20.574944017594785,1426,True,,8,61,-69.17596908082247,0.47658280401083175,11.354106076993048,11.832601595990127
Li2O_linear,6-31g,1.5,jw,efficient_su2,2,cobyla,250,137,"[4, 4]","[0, 1, 2, 3]",True,-89.3145569552739,-89.75092203081448,CASCI,-89.75092203081448,0.4363650755405786,273.8230121873929,False,-20.138587874451467,250,True,,8,61,-69.17596908082244,0.5263316320051672,2.6852969390020007,3.2138733960018726
Li2O_linear,6-31g,1.5,jw,efficient_su2,2,slsqp,250,137,"[4, 4]","[0, 1, 2, 3]",True,-89.75091274252406,-89.75092203081448,CASCI,-89.75092203081448,9.288290414133371e-06,0.005828485829482418,True,-20.574943661701635,1326,True,,8,61,-69.17596908082243,0.4705307229887694,11.929722010987462,12.402377350008464
Li2O_linear,6-31g,1.8,jw,real_amplitudes,1,cobyla,250,137,"[4, 4]","[0, 1, 2, 3]",True,-89.7428932102784,-89.74373582689469,CASCI,-89.74373582689469,0.0008426166162962545,0.5287495102754464,True,-19.848461928626342,250,True,,8,61,-69.89443128165205,0.4934883389942115,2.045545465996838,2.5405800139997154
Li2O_linear,6-31g,1.8,jw,real_amplitudes,1,slsqp,250,137,"[4, 4]","[0, 1, 2, 3]",True,-89.6208583271943,-89.74373582689469,CASCI,-89.74373582689469,0.12287749970039386,77.10673695949446,False,-19.726427045542287,427,True,,8,61,-69.894431281652,0.569835198999499,2.8486816859949613,3.4200416530075017
Li2O_linear,6-31g,1.8,jw,real_amplitudes,2,cobyla,250,137,"[4, 4]","[0, 1, 2, 3]",True,-89.738244445688,-89.74373582689469,CASCI,-89.74373582689469,0.005491381206695678,3.445891129632398,False,-19.843813164035986,250,True,,8,61,-69.89443128165202,0.47328958599246107,2.192409408991807,2.6673114269942744
Li2O_linear,6-31g,1.8,jw,real_amplitudes,2,slsqp,250,137,"[4, 4]","[0, 1, 2, 3]",True,-89.46999505259868,-89.74373582689469,CASCI,-89.74373582689469,0.27374077429601584,171.77479953771862,False,-19.575563770946715,426,True,,8,61,-69.89443128165196,0.4989923009998165,3.378354312008014,3.8788997719966574
Li2O_linear,6-31g,1.8,jw,efficient_su2,1,cobyla,250,137,"[4, 4]","[0, 1, 2, 3]",True,-89.1090909397591,-89.74373582689469,CASCI,-89.74373582689469,0.6346448871355932,398.24537848156893,False,-19.214659658107053,250,True,,8,61,-69.89443128165205,0.5342624680051813,2.372544526006095,2.90858049900271
Li2O_linear,6-31g,1.8,jw,efficient_su2,1,slsqp,250,137,"[4, 4]","[0, 1, 2, 3]",True,-89.74372523014803,-89.74373582689469,CASCI,-89.74373582689469,1.0596746662372425e-05,0.006649553901358658,True,-19.84929394849598,1422,True,,8,61,-69.89443128165205,0.5008501000120305,11.300517698007752,11.803758314999868
Li2O_linear,6-31g,1.8,jw,efficient_su2,2,cobyla,250,137,"[4, 4]","[0, 1, 2, 3]",True,-89.362834841204,-89.74373582689469,CASCI,-89.74373582689469,0.38090098569068687,239.01879662977723,False,-19.46840355955199,250,True,,8,61,-69.89443128165202,0.5131596709979931,2.67943963399739,3.1947367989923805
Li2O_linear,6-31g,1.8,jw,efficient_su2,2,slsqp,250,137,"[4, 4]","[0, 1, 2, 3]",True,-89.74372430711213,-89.74373582689469,CASCI,-89.74373582689469,1.151978256075381e-05,0.007228767234916063,True,-19.849293025460142,2059,True,,8,61,-69.89443128165199,0.42797769101161975,18.467767667010776,18.897824558996945
Li2O_linear,6-31g,2.1,jw,real_amplitudes,1,cobyla,250,137,"[4, 4]","[0, 1, 2, 3]",True,-89.67693436960526,-89.67770846414729,CASCI,-89.67770846414729,0.0007740945420238177,0.4857512919708238,True,-19.258187012239016,250,True,,8,61,-70.41874735736624,0.5780470809986582,2.05953092299751,2.639114106001216
Li2O_linear,6-31g,2.1,jw,real_amplitudes,1,slsqp,250,137,"[4, 4]","[0, 1, 2, 3]",True,-89.56848571891588,-89.67770846414729,CASCI,-89.67770846414729,0.10922274523140629,68.53825563741454,False,-19.149738361549584,478,True,,8,61,-70.4187473573663,0.4450265690102242,3.1823185569955967,3.62879659999453
Li2O_linear,6-31g,2.1,jw,real_amplitudes,2,cobyla,250,137,"[4, 4]","[0, 1, 2, 3]",True,-89.67570268977528,-89.67770846414729,CASCI,-89.67770846414729,0.002005774372008773,1.258641470404853,False,-19.256955332408978,250,True,,8,61,-70.4187473573663,0.4634684689954156,2.184152301007998,2.6491205539932707
Li2O_linear,6-31g,2.1,jw,real_amplitudes,2,slsqp,250,137,"[4, 4]","[0, 1, 2, 3]",True,-89.44226885080406,-89.67770846414729,CASCI,-89.67770846414729,0.2354396133432317,147.74047632939798,False,-19.023521493437777,450,True,,8,61,-70.41874735736627,0.4476078360021347,3.6764218689932022,4.125866878996021
Li2O_linear,6-31g,2.1,jw,efficient_su2,1,cobyla,250,137,"[4, 4]","[0, 1, 2, 3]",True,-89.49088018286216,-89.67770846414729,CASCI,-89.67770846414729,0.18682828128513052,117.23642796095096,False,-19.07213282549589,250,True,,8,61,-70.41874735736627,0.8964862029970391,2.3707229450083105,3.269026780006243
Li2O_linear,6-31g,2.1,jw,efficient_su2,1,slsqp,250,137,"[4, 4]","[0, 1, 2, 3]",True,-89.67769557346097,-89.67770846414729,CASCI,-89.67770846414729,1.2890686321043177e-05,0.008089021682631483,True,-19.258948216094716,1289,True,,8,61,-70.41874735736624,0.5176655830000527,10.527304892995744,11.047048464010004
Li2O_linear,6-31g,2.1,jw,efficient_su2,2,cobyla,250,137,"[4, 4]","[0, 1, 2, 3]",True,-89.49173160742585,-89.67770846414729,CASCI,-89.67770846414729,0.18597685672143882,116.70215138441336,False,-19.07298425005961,250,True,,8,61,-70.41874735736624,0.5629304469912313,2.6572394340037135,3.222227763006231
Li2O_linear,6-31g,2.1,jw,efficient_su2,2,slsqp,250,137,"[4, 4]","[0, 1, 2, 3]",True,-89.67769561219637,-89.67770846414729,CASCI,-89.67770846414729,1.2851950913272958e-05,0.008064714865637,True,-19.2589482548301,2060,True,,8,61,-70.41874735736627,0.4640265519992681,18.457951268996112,18.92462959799741
Li2O_linear,6-31g,2.4,jw,real_amplitudes,1,cobyla,250,137,"[4, 4]","[0, 1, 2, 3]",True,-89.60522379909261,-89.60863356038284,CASCI,-89.60863356038284,0.00340976129022863,2.1396558974700777,False,-18.791638077477156,250,True,,8,61,-70.81358572161545,0.5462768199940911,2.080490036008996,2.6283097010018537
Li2O_linear,6-31g,2.4,jw,real_amplitudes,1,slsqp,250,137,"[4, 4]","[0, 1, 2, 3]",True,-89.50287942874584,-89.60863356038284,CASCI,-89.60863356038284,0.1057541316369992,66.36166938940174,False,-18.689293707130357,443,True,,8,61,-70.81358572161548,0.5103416999918409,3.0139555180066964,3.525762560995645
Li2O_linear,6-31g,2.4,jw,real_amplitudes,2,cobyla,250,137,"[4, 4]","[0, 1, 2, 3]",True,-89.600921389281,-89.60863356038284,CASCI,-89.60863356038284,0.0077121711018435235,4.8394567759467275,False,-18.78733566766555,250,True,,8,61,-70.81358572161545,0.5392888210044475,2.1898984190047486,2.7312550639908295
Li2O_linear,6-31g,2.4,jw,real_amplitudes,2,slsqp,250,137,"[4, 4]","[0, 1, 2, 3]",True,-89.39791962853205,-89.60863356038284,CASCI,-89.60863356038284,0.21071393185079046,132.22488866175766,False,-18.584333906916616,450,True,,8,61,-70.81358572161544,0.6104537200008053,3.8355678710067878,4.447830896009691
Li2O_linear,6-31g,2.4,jw,efficient_su2,1,cobyla,250,137,"[4, 4]","[0, 1, 2, 3]",True,-89.355921579468,-89.60863356038284,CASCI,-89.60863356038284,0.2527119809148388,158.5790424318896,False,-18.542335857852553,250,True,,8,61,-70.81358572161545,0.5961310279963072,2.3715911929903086,2.969759668005281
Li2O_linear,6-31g,2.4,jw,efficient_su2,1,slsqp,250,137,"[4, 4]","[0, 1, 2, 3]",True,-89.6078370153733,-89.60863356038284,CASCI,-89.60863356038284,0.0007965450095355209,0.4998391623886252,True,-18.79425129375784,1223,True,,8,61,-70.81358572161547,0.4674565470049856,9.71405173499079,10.183349074999569
Li2O_linear,6-31g,2.4,jw,efficient_su2,2,cobyla,250,137,"[4, 4]","[0, 1, 2, 3]",True,-89.2859715048923,-89.60863356038284,CASCI,-89.60863356038284,0.3226620554905395,202.47334377881296,False,-18.472385783276835,250,True,,8,61,-70.81358572161547,0.5208356049988652,2.492325825995067,3.0151139679946937
Li2O_linear,6-31g,2.4,jw,efficient_su2,2,slsqp,250,137,"[4, 4]","[0, 1, 2, 3]",True,-89.60783693030577,-89.60863356038284,CASCI,-89.60863356038284,0.0007966300770760881,0.499892543035939,True,-18.79425120869033,2306,True,,8,61,-70.81358572161544,0.4699964320025174,20.721430885998416,21.19411866698647
Li2O_linear,6-31g,2.8,jw,real_amplitudes,1,cobyla,250,137,"[4, 4]","[0, 1, 2, 3]",True,-89.539692343686,-89.55956452695331,CASCI,-89.55956452695331,0.019872183267310106,12.469973849886498,False,-18.330839341403536,250,True,,8,61,-71.20885300228247,0.5965584139921702,2.0340231459995266,2.6320160399918677
Li2O_linear,6-31g,2.8,jw,real_amplitudes,1,slsqp,250,137,"[4, 4]","[0, 1, 2, 3]",True,-89.3213117043524,-89.55956452695331,CASCI,-89.55956452695331,0.23825282260091285,149.50579045747622,False,-18.112458702069933,222,True,,8,61,-71.20885300228247,0.524402465991443,1.5648067419970175,2.090743819004274
Li2O_linear,6-31g,2.8,jw,real_amplitudes,2,cobyla,250,137,"[4, 4]","[0, 1, 2, 3]",True,-89.53617348260298,-89.55956452695331,CASCI,-89.55956452695331,0.023391044350333345,14.678090849233328,False,-18.327320480320502,250,True,,8,61,-71.20885300228248,0.6194092750083655,2.2408431180083426,2.862708644999657
Li2O_linear,6-31g,2.8,jw,real_amplitudes,2,slsqp,250,137,"[4, 4]","[0, 1, 2, 3]",True,-89.25228151667119,-89.55956452695331,CASCI,-89.55956452695331,0.30728301028212,192.82285449912285,False,-18.043428514388737,500,True,,8,61,-71.20885300228245,0.5514582140021957,3.8510227009974187,4.403922672005137
Li2O_linear,6-31g,2.8,jw,efficient_su2,1,cobyla,250,137,"[4, 4]","[0, 1, 2, 3]",True,-89.50985664167978,-89.55956452695331,CASCI,-89.55956452695331,0.0497078852735342,31.192145380110176,False,-18.30100363939729,250,True,,8,61,-71.20885300228248,0.6078477969858795,2.235214977990836,2.844912011991255
Li2O_linear,6-31g,2.8,jw,efficient_su2,1,slsqp,250,137,"[4, 4]","[0, 1, 2, 3]",True,-89.54030613808186,-89.55956452695331,CASCI,-89.55956452695331,0.019258388871449483,12.084812342334395,False,-18.331453135799418,1226,True,,8,61,-71.20885300228244,0.5460356379917357,9.438577616994735,9.986461966007482
Li2O_linear,6-31g,2.8,jw,efficient_su2,2,cobyla,250,137,"[4, 4]","[0, 1, 2, 3]",True,-88.2889843470003,-89.55956452695331,CASCI,-89.55956452695331,1.270580179953015,797.3004981421365,False,-17.080131344717802,250,True,,8,61,-71.2088530022825,0.5974538169975858,2.642013353994116,3.2416976099921158
Li2O_linear,6-31g,2.8,jw,efficient_su2,2,slsqp,250,137,"[4, 4]","[0, 1, 2, 3]",True,-89.5403050604593,-89.55956452695331,CASCI,-89.55956452695331,0.019259466494006006,12.085488560187216,False,-18.33145205817684,1961,True,,8,61,-71.20885300228247,0.5124417720071506,17.076917136000702,17.59150965200388
Li2O_linear,6-31g,3.2,jw,real_amplitudes,1,cobyla,250,137,"[4, 4]","[0, 1, 2, 3]",True,-89.50100862974939,-89.53717903832664,CASCI,-89.53717903832664,0.036170408577248736,22.697256915900777,False,-17.996204513959487,250,True,,8,61,-71.50480411578991,0.5552466390072368,2.018657514010556,2.5754098809993593
Li2O_linear,6-31g,3.2,jw,real_amplitudes,1,slsqp,250,137,"[4, 4]","[0, 1, 2, 3]",True,-89.25621659200073,-89.53717903832664,CASCI,-89.53717903832664,0.2809624463259155,176.3064637315289,False,-17.75141247621082,255,True,,8,61,-71.50480411578991,0.47395882099226583,1.6769170930056134,2.1524042330129305
Li2O_linear,6-31g,3.2,jw,real_amplitudes,2,cobyla,250,137,"[4, 4]","[0, 1, 2, 3]",True,-89.49709726509109,-89.53717903832664,CASCI,-89.53717903832664,0.040081773235556284,25.151673441270688,False,-17.992293149301236,250,True,,8,61,-71.50480411578985,0.4920447019976564,2.1520996390026994,2.6459823270124616
Li2O_linear,6-31g,3.2,jw,real_amplitudes,2,slsqp,250,137,"[4, 4]","[0, 1, 2, 3]",True,-89.14913357967599,-89.53717903832664,CASCI,-89.53717903832664,0.38804545865065165,243.50201771241177,False,-17.644329463886105,525,True,,8,61,-71.50480411578988,0.4661908269918058,4.055583185006981,4.523638087994186
Li2O_linear,6-31g,3.2,jw,efficient_su2,1,cobyla,250,137,"[4, 4]","[0, 1, 2, 3]",True,-89.47061282658282,-89.53717903832664,CASCI,-89.53717903832664,0.06656621174381883,41.77089696515201,False,-17.96580871079291,250,True,,8,61,-71.50480411578991,0.5524003309983527,2.4433342130068922,2.9985176479967777
Li2O_linear,6-31g,3.2,jw,efficient_su2,1,slsqp,250,137,"[4, 4]","[0, 1, 2, 3]",True,-89.50130383391708,-89.53717903832664,CASCI,-89.53717903832664,0.03587520440956382,22.512013643840984,False,-17.996499718127165,1389,True,,8,61,-71.50480411578991,0.4950341209914768,10.714225967007224,11.211414125995361
Li2O_linear,6-31g,3.2,jw,efficient_su2,2,cobyla,250,137,"[4, 4]","[0, 1, 2, 3]",True,-88.08589564902968,-89.53717903832664,CASCI,-89.53717903832664,1.451283389296961,910.6933883343468,False,-16.581091533239803,250,True,,8,61,-71.50480411578988,0.577093109008274,2.6469541839906015,3.2266756589961005
Li2O_linear,6-31g,3.2,jw,efficient_su2,2,slsqp,250,137,"[4, 4]","[0, 1, 2, 3]",True,-89.50130351691746,-89.53717903832664,CASCI,-89.53717903832664,0.03587552140918149,22.512212563954066,False,-17.996499401127547,2110,True,,8,61,-71.50480411578991,0.4621040920028463,18.836656576997484,19.301026701999945
