molecule,basis,run_label,distance,mapper,ansatz,reps,optimizer,max_iter,seed,energy,reference_energy,reference_method,abs_error_hartree,abs_error_kcal_mol,within_chemical_accuracy,eval_count,success,error,error_type,num_qubits,num_terms,constant_energy,setup_hamiltonian_s,vqe_execution_s,total_experiment_s
BeH2,sto-3g,dense_curve_config_search_sto3g,0.5,jw,real_amplitudes,1,cobyla,100,137,-13.521876576837009,-13.667143209581804,CASCI,0.14526663274479468,91.15611944705337,False,100,True,,,8,61,-8.661255831973518,0.17392065598687623,0.7898734779882943,0.97110832099861
BeH2,sto-3g,dense_curve_config_search_sto3g,0.5,jw,real_amplitudes,1,slsqp,100,137,-13.646139590234625,-13.667143209581804,CASCI,0.021003619347178315,13.179960172928517,False,752,True,,,8,61,-8.661255831973524,0.1747448080132017,6.179929362013354,6.3618422690051375
BeH2,sto-3g,dense_curve_config_search_sto3g,0.5,jw,real_amplitudes,1,spsa,100,137,-13.512169629477722,-13.667143209581804,CASCI,0.15497358010408213,97.24731627753248,False,200,True,,,8,61,-8.661255831973522,0.7176681870041648,1.2882548649940873,2.0548128869995708
BeH2,sto-3g,dense_curve_config_search_sto3g,0.5,jw,real_amplitudes,2,cobyla,100,137,-13.460476774234856,-13.667143209581804,CASCI,0.20666643534694806,129.68504817812803,False,100,True,,,8,61,-8.661255831973522,0.16065382200758904,0.7539907620084705,0.9228454929980217
BeH2,sto-3g,dense_curve_config_search_sto3g,0.5,jw,real_amplitudes,2,slsqp,100,137,-13.657204994099994,-13.667143209581804,CASCI,0.009938215481810175,6.236319658775222,False,1728,True,,,8,61,-8.661255831973518,0.16534225799841806,12.220692072995007,12.394258738990175
BeH2,sto-3g,dense_curve_config_search_sto3g,0.5,jw,real_amplitudes,2,spsa,100,137,-13.581088547525377,-13.667143209581804,CASCI,0.08605466205642642,54.00007493236609,False,200,True,,,8,61,-8.661255831973515,0.32933219301048666,1.2468305009970209,1.586320075992262
BeH2,sto-3g,dense_curve_config_search_sto3g,0.5,jw,efficient_su2,1,cobyla,100,137,-13.409514927984636,-13.667143209581804,CASCI,0.25762828159716733,161.66406535675688,False,100,True,,,8,61,-8.661255831973513,0.1661681269906694,0.8841007390001323,1.0606790599995293
BeH2,sto-3g,dense_curve_config_search_sto3g,0.5,jw,efficient_su2,1,slsqp,100,137,-13.646139955489001,-13.667143209581804,CASCI,0.021003254092802237,13.17973097252024,False,1453,True,,,8,61,-8.661255831973524,0.1679695609927876,11.348163700997247,11.527062128996477
BeH2,sto-3g,dense_curve_config_search_sto3g,0.5,jw,efficient_su2,1,spsa,100,137,-13.247765110151118,-13.667143209581804,CASCI,0.41937809943068594,263.16353179565033,False,200,True,,,8,61,-8.661255831973525,0.2475617399904877,1.4154381520056631,1.6769471820007311
BeH2,sto-3g,dense_curve_config_search_sto3g,0.5,jw,efficient_su2,2,cobyla,100,137,-13.214460173726064,-13.667143209581804,CASCI,0.4526830358557401,284.0626791467996,False,100,True,,,8,61,-8.661255831973529,0.17708689699065872,0.9644457260001218,1.156795038987184
BeH2,sto-3g,dense_curve_config_search_sto3g,0.5,jw,efficient_su2,2,slsqp,100,137,-13.65718810754409,-13.667143209581804,CASCI,0.009955102037713104,6.246916124583312,False,3774,True,,,8,61,-8.661255831973525,0.17692348500713706,31.650258633992053,31.842525144995307
BeH2,sto-3g,dense_curve_config_search_sto3g,0.5,jw,efficient_su2,2,spsa,100,137,-13.360531086780602,-13.667143209581804,CASCI,0.30661212280120154,192.40186656685918,False,200,True,,,8,61,-8.661255831973529,0.29377904899592977,1.6337460280046798,1.9485738490038784
BeH2,sto-3g,dense_curve_config_search_sto3g,0.5,jw,uccsd,1,cobyla,100,137,-13.64709990207592,-13.667143209581804,CASCI,0.020043307505883234,12.577355849709283,False,100,True,,,8,61,-8.66125583197353,0.1592015479982365,18.72525789499923,19.78313636900566
BeH2,sto-3g,dense_curve_config_search_sto3g,0.5,jw,uccsd,1,slsqp,100,137,-13.657212020200141,-13.667143209581804,CASCI,0.009931189381662264,6.231910717697506,False,543,True,,,8,61,-8.661255831973522,0.17292146298859734,101.7922264259978,104.08945531699283
BeH2,sto-3g,dense_curve_config_search_sto3g,0.5,jw,uccsd,1,spsa,100,137,-13.652222109472799,-13.667143209581804,CASCI,0.014921100109004826,9.36312460830151,False,200,True,,,8,61,-8.661255831973516,0.30833504899055697,46.52243613699102,48.227293898002245
BeH2,sto-3g,dense_curve_config_search_sto3g,0.5,jw,puccsd,1,cobyla,100,137,-13.66704585778243,-13.667143209581804,CASCI,9.735179937386818e-05,0.06108913027329665,True,100,True,,,8,61,-8.661255831973525,0.17787943000439554,7.435093754000263,7.899831290997099
BeH2,sto-3g,dense_curve_config_search_sto3g,0.5,jw,puccsd,1,slsqp,100,137,-13.667084134995012,-13.667143209581804,CASCI,5.90745867921072e-05,0.0370698348833284,True,119,True,,,8,61,-8.661255831973518,0.18617052599438466,7.451063473010436,7.918085600991617
BeH2,sto-3g,dense_curve_config_search_sto3g,0.5,jw,puccsd,1,spsa,100,137,-13.66548786053177,-13.667143209581804,CASCI,0.0016553490500346157,1.0387464270381717,False,200,True,,,8,61,-8.661255831973525,0.18293504099710844,15.58992431400111,16.06206209299853
BeH2,sto-3g,dense_curve_config_search_sto3g,0.9615384615384616,jw,real_amplitudes,1,cobyla,100,137,-15.28056844011829,-15.425201817554717,CASCI,0.1446333774364259,90.75874604175418,False,100,True,,,8,61,-10.96245008969846,0.17034281100495718,0.8162055920111015,0.9943783469934715
BeH2,sto-3g,dense_curve_config_search_sto3g,0.9615384615384616,jw,real_amplitudes,1,slsqp,100,137,-15.417716846075137,-15.425201817554717,CASCI,0.007484971479579272,4.696886968179309,False,938,True,,,8,61,-10.96245008969846,0.16829478400177322,6.4554184730077395,6.631503953001811
BeH2,sto-3g,dense_curve_config_search_sto3g,0.9615384615384616,jw,real_amplitudes,1,spsa,100,137,-15.293340584433125,-15.425201817554717,CASCI,0.13186123312159204,82.7441105348971,False,200,True,,,8,61,-10.962450089698462,0.2776101670024218,1.2635279189998982,1.5550129569892306
BeH2,sto-3g,dense_curve_config_search_sto3g,0.9615384615384616,jw,real_amplitudes,2,cobyla,100,137,-15.227407671646706,-15.425201817554717,CASCI,0.19779414590801103,124.1176067045901,False,100,True,,,8,61,-10.96245008969846,0.2826982099941233,0.860168105995399,1.1558492990006926
BeH2,sto-3g,dense_curve_config_search_sto3g,0.9615384615384616,jw,real_amplitudes,2,slsqp,100,137,-15.417720266858392,-15.425201817554717,CASCI,0.0074815506963243905,4.694740395899822,False,825,True,,,8,61,-10.962450089698455,0.18174645300314296,9.04779318299552,9.239721810008632
BeH2,sto-3g,dense_curve_config_search_sto3g,0.9615384615384616,jw,real_amplitudes,2,spsa,100,137,-15.272900744988842,-15.425201817554717,CASCI,0.15230107256587466,95.57029374473944,False,200,True,,,8,61,-10.962450089698454,0.4838476360018831,2.2076958359975833,2.7151738289976493
BeH2,sto-3g,dense_curve_config_search_sto3g,0.9615384615384616,jw,efficient_su2,1,cobyla,100,137,-14.725062812402047,-15.425201817554717,CASCI,0.7001390051526695,439.34352698434645,False,100,True,,,8,61,-10.96245008969846,0.349737617012579,1.4523703290033154,1.8285081669891952
BeH2,sto-3g,dense_curve_config_search_sto3g,0.9615384615384616,jw,efficient_su2,1,slsqp,100,137,-15.41771608261952,-15.425201817554717,CASCI,0.00748573493519622,4.697366043450045,False,1158,True,,,8,61,-10.96245008969846,0.4097420059988508,17.11566098399635,17.54791659199691
BeH2,sto-3g,dense_curve_config_search_sto3g,0.9615384615384616,jw,efficient_su2,1,spsa,100,137,-14.85688001098555,-15.425201817554717,CASCI,0.5683218065691662,356.6270485184109,False,200,True,,,8,61,-10.962450089698459,0.4938224729994545,4.728377321996959,5.271557730011409
BeH2,sto-3g,dense_curve_config_search_sto3g,0.9615384615384616,jw,efficient_su2,2,cobyla,100,137,-14.948383498562707,-15.425201817554717,CASCI,0.47681831899200944,299.20778653235686,False,100,True,,,8,61,-10.962450089698454,0.44591650700022,1.698621338000521,2.1982906269986415
BeH2,sto-3g,dense_curve_config_search_sto3g,0.9615384615384616,jw,efficient_su2,2,slsqp,100,137,-15.417723596347113,-15.425201817554717,CASCI,0.007478221207604108,4.692651111762446,False,1274,True,,,8,61,-10.962450089698457,0.49317914100538474,18.03081983899756,18.572212456012494
BeH2,sto-3g,dense_curve_config_search_sto3g,0.9615384615384616,jw,efficient_su2,2,spsa,100,137,-15.257558781675467,-15.425201817554717,CASCI,0.16764303587924978,105.19751380155215,False,200,True,,,8,61,-10.962450089698454,0.49080845099524595,3.076051632000599,3.624342355004046
BeH2,sto-3g,dense_curve_config_search_sto3g,0.9615384615384616,jw,uccsd,1,cobyla,100,137,-15.413686363274707,-15.425201817554717,CASCI,0.011515454280010218,7.226051199794932,False,100,True,,,8,61,-10.962450089698454,0.463788000997738,35.18783980399894,39.92649679799797
BeH2,sto-3g,dense_curve_config_search_sto3g,0.9615384615384616,jw,uccsd,1,slsqp,100,137,-15.417902482002402,-15.425201817554717,CASCI,0.007299335552314545,4.580398753097348,False,381,True,,,8,61,-10.962450089698454,0.42764485799125396,130.35396812799445,138.74081477300206
BeH2,sto-3g,dense_curve_config_search_sto3g,0.9615384615384616,jw,uccsd,1,spsa,100,137,-15.417370042978376,-15.425201817554717,CASCI,0.007831774576340322,4.914509032624739,False,200,True,,,8,61,-10.962450089698457,0.4781147059984505,60.06226236499788,62.97614955199242
BeH2,sto-3g,dense_curve_config_search_sto3g,0.9615384615384616,jw,puccsd,1,cobyla,100,137,-15.42367428767253,-15.425201817554717,CASCI,0.0015275298821872951,0.9585387488414674,True,100,True,,,8,61,-10.962450089698452,0.19036711199441925,7.519856169004925,8.016211412003031
BeH2,sto-3g,dense_curve_config_search_sto3g,0.9615384615384616,jw,puccsd,1,slsqp,100,137,-15.425194955222237,-15.425201817554717,CASCI,6.862332480039868e-06,0.004306175392217337,True,383,True,,,8,61,-10.962450089698468,0.21573753000120632,26.402864500007126,26.9222527200036
BeH2,sto-3g,dense_curve_config_search_sto3g,0.9615384615384616,jw,puccsd,1,spsa,100,137,-15.419847254723155,-15.425201817554717,CASCI,0.005354562831561438,3.3600363678702863,False,200,True,,,8,61,-10.962450089698457,0.2997478480101563,17.374395929000457,18.01257921900833
BeH2,sto-3g,dense_curve_config_search_sto3g,1.2563131313131315,jw,real_amplitudes,1,cobyla,100,137,-15.498668139387277,-15.566383321492896,CASCI,0.06771518210561922,42.491886207915016,False,100,True,,,8,61,-11.543842305298764,0.19815788998675998,1.0260352829936892,1.2528663940029219
BeH2,sto-3g,dense_curve_config_search_sto3g,1.2563131313131315,jw,real_amplitudes,1,slsqp,100,137,-15.560319438829126,-15.566383321492896,CASCI,0.00606388266377067,3.8051409464600696,False,888,True,,,8,61,-11.54384230529876,0.22830391599563882,8.452078693997464,8.690013433006243
BeH2,sto-3g,dense_curve_config_search_sto3g,1.2563131313131315,jw,real_amplitudes,1,spsa,100,137,-15.269789772465383,-15.566383321492896,CASCI,0.2965935490275129,186.1151213567056,False,200,True,,,8,61,-11.543842305298753,0.4861499360122252,1.2069208159955451,1.7095134849951137
BeH2,sto-3g,dense_curve_config_search_sto3g,1.2563131313131315,jw,real_amplitudes,2,cobyla,100,137,-15.429376939927593,-15.566383321492896,CASCI,0.13700638156530331,85.97273748966192,False,100,True,,,8,61,-11.54384230529874,0.1959372769924812,0.8231693639972946,1.0308355610031867
BeH2,sto-3g,dense_curve_config_search_sto3g,1.2563131313131315,jw,real_amplitudes,2,slsqp,100,137,-15.560321210907517,-15.566383321492896,CASCI,0.006062110585379088,3.804028951320646,False,850,True,,,8,61,-11.543842305298766,0.17205917200772092,6.028927531995578,6.210436818000744
BeH2,sto-3g,dense_curve_config_search_sto3g,1.2563131313131315,jw,real_amplitudes,2,spsa,100,137,-15.435309756609788,-15.566383321492896,CASCI,0.13107356488310806,82.24984162623426,False,200,True,,,8,61,-11.543842305298751,0.30643019700073637,2.3027355920057744,2.621888720008428
BeH2,sto-3g,dense_curve_config_search_sto3g,1.2563131313131315,jw,efficient_su2,1,cobyla,100,137,-14.949891287670763,-15.566383321492896,CASCI,0.6164920338221336,386.8542996516932,False,100,True,,,8,61,-11.54384230529876,0.19371769099961966,0.8201880080014234,1.0317582480056444
BeH2,sto-3g,dense_curve_config_search_sto3g,1.2563131313131315,jw,efficient_su2,1,slsqp,100,137,-15.56031966890325,-15.566383321492896,CASCI,0.006063652589645585,3.8049965728759116,False,1289,True,,,8,61,-11.54384230529876,0.19240190800337587,9.523311163007747,9.729025603999617
BeH2,sto-3g,dense_curve_config_search_sto3g,1.2563131313131315,jw,efficient_su2,1,spsa,100,137,-15.245346014131874,-15.566383321492896,CASCI,0.32103730736102243,201.45379970480784,False,200,True,,,8,61,-11.543842305298764,0.2780440970091149,1.4361624879966257,1.7252114099974278
BeH2,sto-3g,dense_curve_config_search_sto3g,1.2563131313131315,jw,efficient_su2,2,cobyla,100,137,-15.09921493811517,-15.566383321492896,CASCI,0.4671683833777269,293.15236508497406,False,100,True,,,8,61,-11.54384230529876,0.43410049501108006,1.364470792002976,1.8229080780001823
BeH2,sto-3g,dense_curve_config_search_sto3g,1.2563131313131315,jw,efficient_su2,2,slsqp,100,137,-15.560320376457947,-15.566383321492896,CASCI,0.006062945034949863,3.8045525759363534,False,1275,True,,,8,61,-11.54384230529878,0.177007047997904,10.670599190998473,10.869688824008335
BeH2,sto-3g,dense_curve_config_search_sto3g,1.2563131313131315,jw,efficient_su2,2,spsa,100,137,-15.429250213484696,-15.566383321492896,CASCI,0.1371331080082001,86.05225947311764,False,200,True,,,8,61,-11.543842305298746,0.22977851700852625,1.8524522490042727,2.1012575210042996
BeH2,sto-3g,dense_curve_config_search_sto3g,1.2563131313131315,jw,uccsd,1,cobyla,100,137,-15.552941863701575,-15.566383321492896,CASCI,0.013441457791321554,8.434635737174396,False,100,True,,,8,61,-11.543842305298753,0.9505935839988524,20.299671740998747,22.681583441997645
BeH2,sto-3g,dense_curve_config_search_sto3g,1.2563131313131315,jw,uccsd,1,slsqp,100,137,-15.560446089284442,-15.566383321492896,CASCI,0.005937232208454546,3.7256666458951035,False,353,True,,,8,61,-11.54384230529876,0.1995138600032078,65.53150266000011,68.43988954699307
BeH2,sto-3g,dense_curve_config_search_sto3g,1.2563131313131315,jw,uccsd,1,spsa,100,137,-15.559161593450629,-15.566383321492896,CASCI,0.007221728042267728,4.531699342075379,False,200,True,,,8,61,-11.543842305298753,0.24240808399918023,47.118067446004716,48.74169631800032
BeH2,sto-3g,dense_curve_config_search_sto3g,1.2563131313131315,jw,puccsd,1,cobyla,100,137,-15.565840286962473,-15.566383321492896,CASCI,0.0005430345304233697,0.3407590551514383,True,100,True,,,8,61,-11.543842305298758,0.23488235600234475,7.116922498986241,7.64326438200078
BeH2,sto-3g,dense_curve_config_search_sto3g,1.2563131313131315,jw,puccsd,1,slsqp,100,137,-15.566378813703965,-15.566383321492896,CASCI,4.507788931462642e-06,0.002828678124593191,True,398,True,,,8,61,-11.543842305298766,0.26674368100066204,26.247372904006625,26.802286001009634
BeH2,sto-3g,dense_curve_config_search_sto3g,1.2563131313131315,jw,puccsd,1,spsa,100,137,-15.547986996375194,-15.566383321492896,CASCI,0.018396325117702617,11.54385957828445,False,200,True,,,8,61,-11.543842305298753,0.18821023700002115,16.22730383799353,16.711922204995062
BeH2,sto-3g,dense_curve_config_search_sto3g,1.508838383838384,jw,real_amplitudes,1,cobyla,100,137,-15.505181335406535,-15.535681638023306,CASCI,0.030500302616770725,19.13921439474718,False,100,True,,,8,61,-11.86141827376317,0.22790942099527456,0.8045930380030768,1.056897996008047
BeH2,sto-3g,dense_curve_config_search_sto3g,1.508838383838384,jw,real_amplitudes,1,slsqp,100,137,-15.530001185841769,-15.535681638023306,CASCI,0.005680452181536566,3.564534867983829,False,871,True,,,8,61,-11.86141827376316,0.1830042679939652,5.555169580999063,5.745921449997695
BeH2,sto-3g,dense_curve_config_search_sto3g,1.508838383838384,jw,real_amplitudes,1,spsa,100,137,-15.508809053668685,-15.535681638023306,CASCI,0.0268725843546207,16.86278853578368,False,200,True,,,8,61,-11.861418273763167,0.17081521300133318,1.1326955029944656,1.3130941039999016
BeH2,sto-3g,dense_curve_config_search_sto3g,1.508838383838384,jw,real_amplitudes,2,cobyla,100,137,-15.244507149073998,-15.535681638023306,CASCI,0.29117448894930753,182.71461238609103,False,100,True,,,8,61,-11.86141827376316,0.16549520500120707,0.7989194270048756,0.9756128909939434
BeH2,sto-3g,dense_curve_config_search_sto3g,1.508838383838384,jw,real_amplitudes,2,slsqp,100,137,-15.530005082508445,-15.535681638023306,CASCI,0.0056765555148601266,3.5620896745743633,False,950,True,,,8,61,-11.861418273763174,0.18150141400110442,7.179839691001689,7.3704558229947
BeH2,sto-3g,dense_curve_config_search_sto3g,1.508838383838384,jw,real_amplitudes,2,spsa,100,137,-15.386350373322193,-15.535681638023306,CASCI,0.1493312647011127,93.70671258133052,False,200,True,,,8,61,-11.861418273763167,0.3266445999906864,1.3020381739916047,1.6384572139941156
BeH2,sto-3g,dense_curve_config_search_sto3g,1.508838383838384,jw,efficient_su2,1,cobyla,100,137,-14.946823852307304,-15.535681638023306,CASCI,0.5888577857160016,369.51356025686243,False,100,True,,,8,61,-11.861418273763178,0.18169888100237586,0.8532341500103939,1.054396303006797
BeH2,sto-3g,dense_curve_config_search_sto3g,1.508838383838384,jw,efficient_su2,1,slsqp,100,137,-15.530001024182596,-15.535681638023306,CASCI,0.005680613840709725,3.564636310569919,False,1293,True,,,8,61,-11.861418273763178,0.23201885999878868,11.45974868000485,11.705381483989186
BeH2,sto-3g,dense_curve_config_search_sto3g,1.508838383838384,jw,efficient_su2,1,spsa,100,137,-15.462615543070806,-15.535681638023306,CASCI,0.07306609495249994,45.84963217754829,False,200,True,,,8,61,-11.86141827376316,0.2943809309945209,1.35835366199899,1.6667664150008932
BeH2,sto-3g,dense_curve_config_search_sto3g,1.508838383838384,jw,efficient_su2,2,cobyla,100,137,-15.060345186089208,-15.535681638023306,CASCI,0.4753364519340977,298.27790161671373,False,100,True,,,8,61,-11.861418273763174,0.17455841100309044,1.0054832800087752,1.1991925970069133
BeH2,sto-3g,dense_curve_config_search_sto3g,1.508838383838384,jw,efficient_su2,2,slsqp,100,137,-15.530001239327934,-15.535681638023306,CASCI,0.005680398695371736,3.5645013049340224,False,1275,True,,,8,61,-11.861418273763164,0.18516047000593971,12.018631275990629,12.222572811006103
BeH2,sto-3g,dense_curve_config_search_sto3g,1.508838383838384,jw,efficient_su2,2,spsa,100,137,-15.352667364384594,-15.535681638023306,CASCI,0.1830142736387117,114.84310383675434,False,200,True,,,8,61,-11.86141827376316,0.2661940470134141,1.6987528379977448,1.9828595979925012
BeH2,sto-3g,dense_curve_config_search_sto3g,1.508838383838384,jw,uccsd,1,cobyla,100,137,-15.523793594208115,-15.535681638023306,CASCI,0.011888043815190485,7.459854486426367,False,100,True,,,8,61,-11.86141827376316,0.22918774100253358,21.502859846004867,22.957332427002257
BeH2,sto-3g,dense_curve_config_search_sto3g,1.508838383838384,jw,uccsd,1,slsqp,100,137,-15.53009623480371,-15.535681638023306,CASCI,0.00558540321959633,3.5048907889256733,False,380,True,,,8,61,-11.861418273763157,0.2538099289959064,96.69399943399185,99.65071877599985
BeH2,sto-3g,dense_curve_config_search_sto3g,1.508838383838384,jw,uccsd,1,spsa,100,137,-15.529253016010049,-15.535681638023306,CASCI,0.0064286220132565575,4.034018170916609,False,200,True,,,8,61,-11.861418273763164,0.9506582100002561,91.09005267599423,94.89380029401218
BeH2,sto-3g,dense_curve_config_search_sto3g,1.508838383838384,jw,puccsd,1,cobyla,100,137,-15.535287571564291,-15.535681638023306,CASCI,0.00039406645901429727,0.24728024962960266,True,100,True,,,8,61,-11.861418273763178,0.42810914998699445,13.42173014099535,14.56871179099835
BeH2,sto-3g,dense_curve_config_search_sto3g,1.508838383838384,jw,puccsd,1,slsqp,100,137,-15.535679174709495,-15.535681638023306,CASCI,2.4633138107077457e-06,0.0015457515860434069,True,382,True,,,8,61,-11.861418273763174,0.41632367800048087,34.21269502300129,35.25449026998831
BeH2,sto-3g,dense_curve_config_search_sto3g,1.508838383838384,jw,puccsd,1,spsa,100,137,-15.529958419498808,-15.535681638023306,CASCI,0.005723218524497753,3.5913711330890603,False,200,True,,,8,61,-11.86141827376316,0.22815082799934316,16.60277798700554,17.155912151007215
BeH2,sto-3g,dense_curve_config_search_sto3g,1.7769230769230768,jw,real_amplitudes,1,cobyla,100,137,-15.189677160560656,-15.448216350279496,CASCI,0.2585391897188405,162.23566840127987,False,100,True,,,8,61,-12.099638224630633,0.21790608900482766,0.8280874500051141,1.0705959699989762
BeH2,sto-3g,dense_curve_config_search_sto3g,1.7769230769230768,jw,real_amplitudes,1,slsqp,100,137,-15.442388775113935,-15.448216350279496,CASCI,0.005827575165561427,3.656855864566286,False,788,True,,,8,61,-12.099638224630628,0.17909952200716361,5.716248206997989,5.903921251010615
BeH2,sto-3g,dense_curve_config_search_sto3g,1.7769230769230768,jw,real_amplitudes,1,spsa,100,137,-15.30147203288772,-15.448216350279496,CASCI,0.14674431739177685,92.0833798621965,False,200,True,,,8,61,-12.099638224630635,0.24109229000168853,1.2616164669889258,1.512313302999246
BeH2,sto-3g,dense_curve_config_search_sto3g,1.7769230769230768,jw,real_amplitudes,2,cobyla,100,137,-15.053389851920238,-15.448216350279496,CASCI,0.394826498359258,247.75718115891962,False,100,True,,,8,61,-12.099638224630635,0.20533392899960745,0.8849147470027674,1.102477861000807
BeH2,sto-3g,dense_curve_config_search_sto3g,1.7769230769230768,jw,real_amplitudes,2,slsqp,100,137,-15.442383848574458,-15.448216350279496,CASCI,0.00583250170503824,3.659947312426841,False,1001,True,,,8,61,-12.099638224630624,0.18105384599766694,8.032018778001657,8.223524899003678
BeH2,sto-3g,dense_curve_config_search_sto3g,1.7769230769230768,jw,real_amplitudes,2,spsa,100,137,-14.96232535616441,-15.448216350279496,CASCI,0.4858909941150866,304.9009718261639,False,200,True,,,8,61,-12.099638224630622,0.2809286239935318,1.2344454179983586,1.5247662079927977
BeH2,sto-3g,dense_curve_config_search_sto3g,1.7769230769230768,jw,efficient_su2,1,cobyla,100,137,-14.934724140970175,-15.448216350279496,CASCI,0.5134922093093213,322.2209827714829,False,100,True,,,8,61,-12.099638224630633,0.16402479298994876,0.8710506909992546,1.0496084960032022
BeH2,sto-3g,dense_curve_config_search_sto3g,1.7769230769230768,jw,efficient_su2,1,slsqp,100,137,-15.442391061561512,-15.448216350279496,CASCI,0.005825288717984378,3.6554210981336595,False,1956,True,,,8,61,-12.099638224630628,0.16375251200224739,15.211861777992453,15.402363225002773
BeH2,sto-3g,dense_curve_config_search_sto3g,1.7769230769230768,jw,efficient_su2,1,spsa,100,137,-15.229961388495518,-15.448216350279496,CASCI,0.21825496178397863,136.95695281410264,False,200,True,,,8,61,-12.099638224630635,0.29414777300553396,1.4847864569892408,1.7928738159971545
BeH2,sto-3g,dense_curve_config_search_sto3g,1.7769230769230768,jw,efficient_su2,2,cobyla,100,137,-15.048426653645983,-15.448216350279496,CASCI,0.3997896966335137,250.87163274479957,False,100,True,,,8,61,-12.099638224630636,0.21019087701279204,1.0622751080081798,1.2957948650000617
BeH2,sto-3g,dense_curve_config_search_sto3g,1.7769230769230768,jw,efficient_su2,2,slsqp,100,137,-15.442392179545907,-15.448216350279496,CASCI,0.00582417073358954,3.6547195528640386,False,1225,True,,,8,61,-12.099638224630635,0.23311796499183401,11.46197463500721,11.716432600995176
BeH2,sto-3g,dense_curve_config_search_sto3g,1.7769230769230768,jw,efficient_su2,2,spsa,100,137,-15.206734873326157,-15.448216350279496,CASCI,0.24148147695333932,151.53180012151302,False,200,True,,,8,61,-12.099638224630636,0.22831980399496388,1.7257159639993915,1.9721204609959386
BeH2,sto-3g,dense_curve_config_search_sto3g,1.7769230769230768,jw,uccsd,1,cobyla,100,137,-15.423691584168669,-15.448216350279496,CASCI,0.024524766110827656,15.389511457439353,False,100,True,,,8,61,-12.099638224630631,0.1777040430024499,20.440137861005496,21.89165936599602
BeH2,sto-3g,dense_curve_config_search_sto3g,1.7769230769230768,jw,uccsd,1,slsqp,100,137,-15.442463435880253,-15.448216350279496,CASCI,0.005752914399243636,3.6100055617549747,False,380,True,,,8,61,-12.099638224630638,0.18200042500393465,71.60097456999938,73.01930339600949
BeH2,sto-3g,dense_curve_config_search_sto3g,1.7769230769230768,jw,uccsd,1,spsa,100,137,-15.442067093737666,-15.448216350279496,CASCI,0.006149256541830184,3.858713823307317,False,200,True,,,8,61,-12.099638224630633,0.31703906500479206,45.906911989994114,49.32315003199619
BeH2,sto-3g,dense_curve_config_search_sto3g,1.7769230769230768,jw,puccsd,1,cobyla,100,137,-15.443738358835708,-15.448216350279496,CASCI,0.004477991443788909,2.8099799329005344,False,100,True,,,8,61,-12.099638224630636,0.17714404199796263,6.505474739999045,7.00287535598909
BeH2,sto-3g,dense_curve_config_search_sto3g,1.7769230769230768,jw,puccsd,1,slsqp,100,137,-15.448214561864095,-15.448216350279496,CASCI,1.7884154015490594e-06,0.0011222467602106487,True,315,True,,,8,61,-12.099638224630636,0.302969814001699,20.497034184998483,21.116113498006598
BeH2,sto-3g,dense_curve_config_search_sto3g,1.7769230769230768,jw,puccsd,1,spsa,100,137,-15.446005572280066,-15.448216350279496,CASCI,0.002210777999430036,1.3872830916443424,False,200,True,,,8,61,-12.099638224630622,0.18062377299065702,15.720583839007304,16.21040347799135
BeH2,sto-3g,dense_curve_config_search_sto3g,2.171717171717172,jw,real_amplitudes,1,cobyla,100,137,-15.087704749794284,-15.327698372633192,CASCI,0.23999362283890768,150.59815827402014,False,100,True,,,8,105,-12.343225451109324,0.32053289499890525,1.0362378980062203,1.366820336013916
BeH2,sto-3g,dense_curve_config_search_sto3g,2.171717171717172,jw,real_amplitudes,1,slsqp,100,137,-15.286871502896824,-15.327698372633192,CASCI,0.0408268697363674,25.619228201398172,False,1083,True,,,8,105,-12.343225451109317,0.29052908800076693,10.25490999899921,10.554909041005885
BeH2,sto-3g,dense_curve_config_search_sto3g,2.171717171717172,jw,real_amplitudes,1,spsa,100,137,-15.261903590092984,-15.327698372633192,CASCI,0.06579478254020721,41.28681819702289,False,200,True,,,8,105,-12.34322545110936,0.26217761701263953,1.5567293630010681,1.8266833740053698
BeH2,sto-3g,dense_curve_config_search_sto3g,2.171717171717172,jw,real_amplitudes,2,cobyla,100,137,-14.977842429659784,-15.327698372633192,CASCI,0.3498559429734076,219.53775291930003,False,100,True,,,8,105,-12.34322545110937,0.2450160050066188,0.9891420350031694,1.2459137410041876
BeH2,sto-3g,dense_curve_config_search_sto3g,2.171717171717172,jw,real_amplitudes,2,slsqp,100,137,-15.31394795873445,-15.327698372633192,CASCI,0.013750413898740987,8.628508475185058,False,1880,True,,,8,105,-12.34322545110931,0.25767075100156944,17.05998557798739,17.329395805005333
BeH2,sto-3g,dense_curve_config_search_sto3g,2.171717171717172,jw,real_amplitudes,2,spsa,100,137,-15.254473014171511,-15.327698372633192,CASCI,0.07322535846168066,45.94957146293077,False,200,True,,,8,105,-12.343225451109342,0.43752549900091253,1.7970354169956408,2.250966581006651
BeH2,sto-3g,dense_curve_config_search_sto3g,2.171717171717172,jw,efficient_su2,1,cobyla,100,137,-15.051823422496412,-15.327698372633192,CASCI,0.2758749501367799,173.1140140853806,False,100,True,,,8,105,-12.343225451109356,0.3052100659988355,1.0765625849890057,1.3940321120026056
BeH2,sto-3g,dense_curve_config_search_sto3g,2.171717171717172,jw,efficient_su2,1,slsqp,100,137,-15.285479561264115,-15.327698372633192,CASCI,0.0422188113690769,26.49268410339808,False,1362,True,,,8,105,-12.343225451109307,0.3328390759998001,12.5799026540044,12.927016903006006
BeH2,sto-3g,dense_curve_config_search_sto3g,2.171717171717172,jw,efficient_su2,1,spsa,100,137,-15.085465890124361,-15.327698372633192,CASCI,0.24223248250883067,152.00306286663383,False,200,True,,,8,105,-12.34322545110936,0.39249817199015524,2.85765360800724,3.2609151959914016
BeH2,sto-3g,dense_curve_config_search_sto3g,2.171717171717172,jw,efficient_su2,2,cobyla,100,137,-15.012866209112811,-15.327698372633192,CASCI,0.31483216352038035,197.56001609851035,False,100,True,,,8,105,-12.34322545110935,0.3980932580016088,1.2843316540092928,1.6995003129995894
BeH2,sto-3g,dense_curve_config_search_sto3g,2.171717171717172,jw,efficient_su2,2,slsqp,100,137,-15.313946143262328,-15.327698372633192,CASCI,0.013752229370863844,8.629647700281401,False,2696,True,,,8,105,-12.343225451109353,0.3527469059918076,28.25180309699499,28.622655055994983
BeH2,sto-3g,dense_curve_config_search_sto3g,2.171717171717172,jw,efficient_su2,2,spsa,100,137,-15.177471822372233,-15.327698372633192,CASCI,0.15022655026095855,94.26851232770385,False,200,True,,,8,105,-12.343225451109339,0.37870346500130836,2.10722807199636,2.504193642991595
BeH2,sto-3g,dense_curve_config_search_sto3g,2.171717171717172,jw,uccsd,1,cobyla,100,137,-15.281128968542,-15.327698372633192,CASCI,0.04656940409119237,29.22272019186003,False,100,True,,,8,105,-12.343225451109328,0.37408161599887535,20.186050718999468,21.852344304003054
BeH2,sto-3g,dense_curve_config_search_sto3g,2.171717171717172,jw,uccsd,1,slsqp,100,137,-15.318283890691108,-15.327698372633192,CASCI,0.009414481942084052,5.907672148995221,False,2247,True,,,8,105,-12.343225451109342,0.33708640199620277,429.28099037200445,432.6627081960032
BeH2,sto-3g,dense_curve_config_search_sto3g,2.171717171717172,jw,uccsd,1,spsa,100,137,-15.282394181896253,-15.327698372633192,CASCI,0.04530419073693892,28.428787425145806,False,200,True,,,8,105,-12.343225451109346,0.6380014509923058,50.77787303998775,52.87038115899486
BeH2,sto-3g,dense_curve_config_search_sto3g,2.171717171717172,jw,puccsd,1,cobyla,100,137,-15.320850567368508,-15.327698372633192,CASCI,0.0068478052646838705,4.297059433836511,False,100,True,,,8,105,-12.343225451109303,0.4628896610083757,7.361761627005762,8.16048180598591
BeH2,sto-3g,dense_curve_config_search_sto3g,2.171717171717172,jw,puccsd,1,slsqp,100,137,-15.323963603637782,-15.327698372633192,CASCI,0.0037347689954092544,2.3436011575402658,False,248,True,,,8,105,-12.343225451109328,0.3802022229938302,16.968326312009594,17.758675910998136
BeH2,sto-3g,dense_curve_config_search_sto3g,2.171717171717172,jw,puccsd,1,spsa,100,137,-15.319035648894307,-15.327698372633192,CASCI,0.008662723738884992,5.435937110663983,False,200,True,,,8,105,-12.343225451109335,0.3367055159906158,15.979443325995817,16.59628644399345
BeH2,sto-3g,dense_curve_config_search_sto3g,2.613636363636364,jw,real_amplitudes,1,cobyla,100,137,-15.031714908138326,-15.23711351166515,CASCI,0.20539860352682382,128.8894723005137,False,100,True,,,8,105,-12.528566894344051,0.33765042599407025,1.0751732130011078,1.4367893640010152
BeH2,sto-3g,dense_curve_config_search_sto3g,2.613636363636364,jw,real_amplitudes,1,slsqp,100,137,-15.19650657914065,-15.23711351166515,CASCI,0.04060693252450065,25.481215621516878,False,715,True,,,8,105,-12.528566894344054,0.3408584230055567,6.263188648008509,6.612228042009519
BeH2,sto-3g,dense_curve_config_search_sto3g,2.613636363636364,jw,real_amplitudes,1,spsa,100,137,-15.147892766828708,-15.23711351166515,CASCI,0.08922074483644238,55.98682037157112,False,200,True,,,8,105,-12.528566894344051,0.29919687600340694,2.2593443249934353,2.5669862150098197
BeH2,sto-3g,dense_curve_config_search_sto3g,2.613636363636364,jw,real_amplitudes,2,cobyla,100,137,-15.029941150499717,-15.23711351166515,CASCI,0.20717236116543347,130.00252118256,False,100,True,,,8,105,-12.528566894344054,0.3006541929935338,1.037627103010891,1.349864757998148
BeH2,sto-3g,dense_curve_config_search_sto3g,2.613636363636364,jw,real_amplitudes,2,slsqp,100,137,-15.207031607643477,-15.23711351166515,CASCI,0.030081904021672656,18.876665510735787,False,1753,True,,,8,105,-12.528566894344058,0.27946460399834905,17.103685366993886,17.39301059799618
BeH2,sto-3g,dense_curve_config_search_sto3g,2.613636363636364,jw,real_amplitudes,2,spsa,100,137,-15.015566739860684,-15.23711351166515,CASCI,0.2215467718044657,139.02259322824847,False,200,True,,,8,105,-12.528566894344054,0.4509376060013892,1.7905647239967948,2.253394234998268
BeH2,sto-3g,dense_curve_config_search_sto3g,2.613636363636364,jw,efficient_su2,1,cobyla,100,137,-14.999154273844995,-15.23711351166515,CASCI,0.2379592378201547,149.32156336528746,False,100,True,,,8,105,-12.528566894344058,0.258321168992552,1.077549698005896,1.3558018029871164
BeH2,sto-3g,dense_curve_config_search_sto3g,2.613636363636364,jw,efficient_su2,1,slsqp,100,137,-15.125668983147495,-15.23711351166515,CASCI,0.11144452851765507,69.93244464558522,False,2086,True,,,8,105,-12.528566894344058,0.31748699900344945,20.43822395299503,20.772566753003048
BeH2,sto-3g,dense_curve_config_search_sto3g,2.613636363636364,jw,efficient_su2,1,spsa,100,137,-15.050061004734108,-15.23711351166515,CASCI,0.18705250693104247,117.37713157179154,False,200,True,,,8,105,-12.528566894344054,0.32087089799460955,1.8489913270022953,2.1816891000053147
BeH2,sto-3g,dense_curve_config_search_sto3g,2.613636363636364,jw,efficient_su2,2,cobyla,100,137,-14.922006886092301,-15.23711351166515,CASCI,0.31510662557284874,197.73224350659274,False,100,True,,,8,105,-12.528566894344051,0.3088186249951832,1.1940296499960823,1.5316223590052687
BeH2,sto-3g,dense_curve_config_search_sto3g,2.613636363636364,jw,efficient_su2,2,slsqp,100,137,-15.177896914882904,-15.23711351166515,CASCI,0.059216596782246,37.158947430230405,False,2402,True,,,8,105,-12.528566894344058,0.3926775779982563,26.138888822999434,26.567013098989264
BeH2,sto-3g,dense_curve_config_search_sto3g,2.613636363636364,jw,efficient_su2,2,spsa,100,137,-15.036422054467,-15.23711351166515,CASCI,0.2006914571981504,125.93569561495417,False,200,True,,,8,105,-12.528566894344054,0.38043369399383664,2.121382012992399,2.520035192006617
BeH2,sto-3g,dense_curve_config_search_sto3g,2.613636363636364,jw,uccsd,1,cobyla,100,137,-15.157841204303374,-15.23711351166515,CASCI,0.07927230736177648,49.744086320281,False,100,True,,,8,105,-12.528566894344054,0.37490798300132155,20.495014508996974,21.97384335398965
BeH2,sto-3g,dense_curve_config_search_sto3g,2.613636363636364,jw,uccsd,1,slsqp,100,137,-15.223788807550665,-15.23711351166515,CASCI,0.013324704114484831,8.361371754176263,False,2728,True,,,8,105,-12.528566894344058,0.29911841999273747,712.4300071769976,716.496142502001
BeH2,sto-3g,dense_curve_config_search_sto3g,2.613636363636364,jw,uccsd,1,spsa,100,137,-15.125462802633715,-15.23711351166515,CASCI,0.11165070903143537,70.06182477360697,False,200,True,,,8,105,-12.528566894344058,0.9993614140112186,50.59326968800451,53.43937506999646
BeH2,sto-3g,dense_curve_config_search_sto3g,2.613636363636364,jw,puccsd,1,cobyla,100,137,-15.208006025884549,-15.23711351166515,CASCI,0.029107485780601294,18.26520929469934,False,100,True,,,8,105,-12.528566894344058,0.3117786610091571,10.145191007002722,10.769945059000747
BeH2,sto-3g,dense_curve_config_search_sto3g,2.613636363636364,jw,puccsd,1,slsqp,100,137,-15.21338959709945,-15.23711351166515,CASCI,0.0237239145657,14.886969905207842,False,394,True,,,8,105,-12.528566894344058,0.52742913000111,26.891173378011445,27.724068736992194
BeH2,sto-3g,dense_curve_config_search_sto3g,2.613636363636364,jw,puccsd,1,spsa,100,137,-15.207003784530741,-15.23711351166515,CASCI,0.03010972713440907,18.8941247643859,False,200,True,,,8,105,-12.528566894344054,0.30908697000995744,16.46084687700204,17.091823303999263
BeH2,sto-3g,dense_curve_config_search_sto3g,3.181818181818182,jw,real_amplitudes,1,cobyla,100,137,-15.189252315643726,-15.267542011799666,CASCI,0.07828969615593984,49.127488945117655,False,100,True,,,8,105,-12.691254301748685,0.3098733040096704,1.1519235299929278,1.4896557649917668
BeH2,sto-3g,dense_curve_config_search_sto3g,3.181818181818182,jw,real_amplitudes,1,slsqp,100,137,-15.209424852622476,-15.267542011799666,CASCI,0.05811715917718985,36.46904043811922,False,919,True,,,8,105,-12.691254301739889,0.2933647930040024,8.690111737989355,8.993723240011605
BeH2,sto-3g,dense_curve_config_search_sto3g,3.181818181818182,jw,real_amplitudes,1,spsa,100,137,-14.999617561156521,-15.267542011799666,CASCI,0.26792445064314485,168.12500409862918,False,200,True,,,8,105,-12.691254301752771,0.30446122100693174,1.7309678610035917,2.044315403996734
BeH2,sto-3g,dense_curve_config_search_sto3g,3.181818181818182,jw,real_amplitudes,2,cobyla,100,137,-14.957676122671963,-15.267542011799666,CASCI,0.3098658891277033,194.44363422063597,False,100,True,,,8,105,-12.691254301743097,0.2846119989990257,1.1479897870012792,1.4444879019865766
BeH2,sto-3g,dense_curve_config_search_sto3g,3.181818181818182,jw,real_amplitudes,2,slsqp,100,137,-15.20942465393069,-15.267542011799666,CASCI,0.05811735786897643,36.46916511900353,False,1152,True,,,8,105,-12.69125430175264,0.3768922029994428,11.172198537999066,11.559069169990835
BeH2,sto-3g,dense_curve_config_search_sto3g,3.181818181818182,jw,real_amplitudes,2,spsa,100,137,-15.063957958969171,-15.267542011799666,CASCI,0.20358405283049485,127.750825407611,False,200,True,,,8,105,-12.691254301750146,0.41554025300138164,1.7078701139980694,2.1331577409873717
BeH2,sto-3g,dense_curve_config_search_sto3g,3.181818181818182,jw,efficient_su2,1,cobyla,100,137,-14.888360725896957,-15.267542011799666,CASCI,0.3791812859027086,237.9396695355228,False,100,True,,,8,105,-12.691254301743331,0.3191562940046424,1.0386236769991228,1.3758802530064713
BeH2,sto-3g,dense_curve_config_search_sto3g,3.181818181818182,jw,efficient_su2,1,slsqp,100,137,-15.20942486459442,-15.267542011799666,CASCI,0.05811714720524641,36.46903292561697,False,1097,True,,,8,105,-12.691254301735697,0.40320274099940434,11.635393074990134,12.050415243007592
BeH2,sto-3g,dense_curve_config_search_sto3g,3.181818181818182,jw,efficient_su2,1,spsa,100,137,-15.13441023685553,-15.267542011799666,CASCI,0.13313177494413608,83.5413869634199,False,200,True,,,8,105,-12.691254301749954,0.4970204389974242,1.924582666993956,2.4424739530077204
BeH2,sto-3g,dense_curve_config_search_sto3g,3.181818181818182,jw,efficient_su2,2,cobyla,100,137,-14.990786526444015,-15.267542011799666,CASCI,0.2767554853556504,173.66655786003884,False,100,True,,,8,105,-12.691254301738407,0.294873072009068,1.2992029269953491,1.630485726011102
BeH2,sto-3g,dense_curve_config_search_sto3g,3.181818181818182,jw,efficient_su2,2,slsqp,100,137,-15.246966434784389,-15.267542011799666,CASCI,0.020575577015277347,12.911359757279673,False,2354,True,,,8,105,-12.691254301749947,0.28507510999043006,25.550522056000773,25.871031185000902
BeH2,sto-3g,dense_curve_config_search_sto3g,3.181818181818182,jw,efficient_su2,2,spsa,100,137,-14.989250052992116,-15.267542011799666,CASCI,0.2782919588075501,174.63070877936696,False,200,True,,,8,105,-12.691254301735572,0.4657789389893878,2.172374232992297,2.6617570289963624
BeH2,sto-3g,dense_curve_config_search_sto3g,3.181818181818182,jw,uccsd,1,cobyla,100,137,-15.213462976764024,-15.267542011799666,CASCI,0.05407903503564171,33.93508119618049,False,100,True,,,8,105,-12.69125430174902,0.28396419300406706,19.488201464002486,20.946485207008664
BeH2,sto-3g,dense_curve_config_search_sto3g,3.181818181818182,jw,uccsd,1,slsqp,100,137,-15.263206986787221,-15.267542011799666,CASCI,0.00433502501244476,2.7202672105341987,False,2734,True,,,8,105,-12.691254301744863,0.3384416080079973,945.0573620289942,949.4092409680015
BeH2,sto-3g,dense_curve_config_search_sto3g,3.181818181818182,jw,uccsd,1,spsa,100,137,-15.025988347284368,-15.267542011799666,CASCI,0.24155366451529758,151.5770984663299,False,200,True,,,8,105,-12.691254301740113,1.242777377992752,92.83013107501029,96.9446471209958
BeH2,sto-3g,dense_curve_config_search_sto3g,3.181818181818182,jw,puccsd,1,cobyla,100,137,-15.21056508500966,-15.267542011799666,CASCI,0.05697692679000532,35.75353435306945,False,100,True,,,8,105,-12.691254301742187,0.88522199599538,13.319152027004748,14.880032474000473
BeH2,sto-3g,dense_curve_config_search_sto3g,3.181818181818182,jw,puccsd,1,slsqp,100,137,-15.256750854624029,-15.267542011799666,CASCI,0.010791157175637167,6.771548248126903,False,687,True,,,8,105,-12.69125430175282,0.5755514780030353,92.19515965699975,93.42965820399695
BeH2,sto-3g,dense_curve_config_search_sto3g,3.181818181818182,jw,puccsd,1,spsa,100,137,-15.230339567137822,-15.267542011799666,CASCI,0.03720244466184397,23.344868847309048,False,200,True,,,8,105,-12.691254301740685,0.8190792289969977,30.32665472399094,31.789743033994455
BeH2,sto-3g,dense_curve_config_search_sto3g,3.75,jw,real_amplitudes,1,cobyla,100,137,-15.03957138833706,-15.299736773513162,CASCI,0.26016538517610144,163.25612068647024,False,100,True,,,8,105,-12.804655791256954,0.5648792610008968,1.8375177169946255,2.45396604501002
BeH2,sto-3g,dense_curve_config_search_sto3g,3.75,jw,real_amplitudes,1,slsqp,100,137,-15.202495164104862,-15.299736773513162,CASCI,0.09724160940830018,61.01998507819304,False,851,True,,,8,105,-12.80465579125696,0.7205226780060912,12.875789252997492,13.624105216003954
BeH2,sto-3g,dense_curve_config_search_sto3g,3.75,jw,real_amplitudes,1,spsa,100,137,-15.233864416417532,-15.299736773513162,CASCI,0.06587235709563011,41.33549692872175,False,200,True,,,8,105,-12.804655791256957,0.5600931730004959,3.0294738929951563,3.608163718992728
BeH2,sto-3g,dense_curve_config_search_sto3g,3.75,jw,real_amplitudes,2,cobyla,100,137,-15.086483133191273,-15.299736773513162,CASCI,0.21325364032188965,133.81857858474865,False,100,True,,,8,105,-12.80465579125695,0.6616048569994746,1.7180305869987933,2.4024859229975846
BeH2,sto-3g,dense_curve_config_search_sto3g,3.75,jw,real_amplitudes,2,slsqp,100,137,-15.268602509805378,-15.299736773513162,CASCI,0.03113426370778427,19.537030685008002,False,800,True,,,8,105,-12.80465579125696,0.9896972850110615,12.556297360002645,14.113324640013161
BeH2,sto-3g,dense_curve_config_search_sto3g,3.75,jw,real_amplitudes,2,spsa,100,137,-15.177730850036415,-15.299736773513162,CASCI,0.12200592347674721,76.55981503497017,False,200,True,,,8,105,-12.804655791256957,0.5800546679965919,4.196060563001083,4.798978398001054
BeH2,sto-3g,dense_curve_config_search_sto3g,3.75,jw,efficient_su2,1,cobyla,100,137,-14.926477456266293,-15.299736773513162,CASCI,0.37325931724686967,234.22358090626594,False,100,True,,,8,105,-12.80465579125696,0.6765048640081659,1.7031607879907824,2.425526966995676
BeH2,sto-3g,dense_curve_config_search_sto3g,3.75,jw,efficient_su2,1,slsqp,100,137,-15.2685973331852,-15.299736773513162,CASCI,0.03113944032796212,19.540279060759183,False,1159,True,,,8,105,-12.804655791256957,0.5507650270010345,18.6404198740056,19.22508944000583
BeH2,sto-3g,dense_curve_config_search_sto3g,3.75,jw,efficient_su2,1,spsa,100,137,-15.141358316399874,-15.299736773513162,CASCI,0.15837845711328846,99.38390724470253,False,200,True,,,8,105,-12.804655791256957,0.5857911899947794,4.20966240800044,4.830489493004279
BeH2,sto-3g,dense_curve_config_search_sto3g,3.75,jw,efficient_su2,2,cobyla,100,137,-15.019233511767894,-15.299736773513162,CASCI,0.2805032617452685,176.01832127451172,False,100,True,,,8,105,-12.804655791256957,0.8423625230061589,2.003450881995377,2.903516247999505
BeH2,sto-3g,dense_curve_config_search_sto3g,3.75,jw,efficient_su2,2,slsqp,100,137,-15.27886665554654,-15.299736773513162,CASCI,0.02087011796662175,13.096186855116848,False,2550,True,,,8,105,-12.804655791256957,0.580033343998366,44.8023613080004,45.42781709200062
BeH2,sto-3g,dense_curve_config_search_sto3g,3.75,jw,efficient_su2,2,spsa,100,137,-15.003714836313563,-15.299736773513162,CASCI,0.29602193719959935,185.7564297901834,False,200,True,,,8,105,-12.80465579125696,0.5506726099993102,3.8607790100068087,4.448791326998617
BeH2,sto-3g,dense_curve_config_search_sto3g,3.75,jw,uccsd,1,cobyla,100,137,-15.233841064705846,-15.299736773513162,CASCI,0.06589570880731621,41.35015033797019,False,100,True,,,8,105,-12.804655791256957,0.5188875089952489,38.42155403799552,41.390394917994854
BeH2,sto-3g,dense_curve_config_search_sto3g,3.75,jw,uccsd,1,slsqp,100,137,-15.279101395352653,-15.299736773513162,CASCI,0.020635378160509532,12.948885514123177,False,2730,True,,,8,105,-12.804655791256957,0.5136624659935478,893.057616724007,898.5483744319936
BeH2,sto-3g,dense_curve_config_search_sto3g,3.75,jw,uccsd,1,spsa,100,137,-14.950816528784562,-15.299736773513162,CASCI,0.3489202447285997,218.9505938493989,False,200,True,,,8,105,-12.804655791256957,1.2508184159960365,97.13553789899743,101.9227142969903
BeH2,sto-3g,dense_curve_config_search_sto3g,3.75,jw,puccsd,1,cobyla,100,137,-15.264254192203978,-15.299736773513162,CASCI,0.035482581309183914,22.26563911474469,False,100,True,,,8,105,-12.804655791256964,0.9277480369928526,15.167348863993539,17.048390252006357
BeH2,sto-3g,dense_curve_config_search_sto3g,3.75,jw,puccsd,1,slsqp,100,137,-15.287519527572801,-15.299736773513162,CASCI,0.01221724594036111,7.66643178279006,False,357,True,,,8,105,-12.804655791256954,0.557520246002241,47.62807456200244,48.75742265000008
BeH2,sto-3g,dense_curve_config_search_sto3g,3.75,jw,puccsd,1,spsa,100,137,-15.188409648128196,-15.299736773513162,CASCI,0.1113271253849657,69.85877312319444,False,200,True,,,8,105,-12.80465579125696,0.6119349119981052,32.2205520550051,33.37547442600771
